symbol,scenario,n_features,fold,split,n_rows,mae,rmse,r2
AAPL,PRICE_ONLY,5,0,test,121,0.008540238623970768,0.011365862939365113,-0.673793158262201
AAPL,PRICE+TECH,30,0,test,121,0.006964373931318112,0.009174565097079835,-0.09060612429152659
AAPL,PRICE+TECH+LAG,35,0,test,121,0.00682283588328382,0.009017221973193074,-0.05351926200825341
AAPL,ALL_NO_MACRO,43,0,test,121,0.00679721361144108,0.00900757421848092,-0.0512660940053542
AAPL,ALL_NO_REGIME,48,0,test,121,0.006902396805444254,0.009279834352607718,-0.11577700593141071
AAPL,ALL_FULL,56,0,test,121,0.006788941551280007,0.009119311195228979,-0.07750931061579602
AAPL,PRICE_ONLY,5,1,test,121,0.005530699731233896,0.0064865473610155894,-0.06844420426805509
AAPL,PRICE+TECH,30,1,test,121,0.020259369282256124,0.021683679310401473,-10.9396229511525
AAPL,PRICE+TECH+LAG,35,1,test,121,0.019967019770342823,0.021349684719804293,-10.574642678624743
AAPL,ALL_NO_MACRO,43,1,test,121,0.01454028880227034,0.01593230592318909,-5.445875820313407
AAPL,ALL_NO_REGIME,48,1,test,121,0.015132123849557453,0.016373621145846128,-5.807915170976423
AAPL,ALL_FULL,56,1,test,121,0.012401748436870271,0.013798970898943627,-3.8352402546582285
AAPL,PRICE_ONLY,5,2,test,121,0.005939061867638944,0.006879181368247966,-0.29035277280350535
AAPL,PRICE+TECH,30,2,test,121,0.014001069814147067,0.015588292031818595,-5.625703641656081
AAPL,PRICE+TECH+LAG,35,2,test,121,0.013826832781543357,0.015386221250837058,-5.455039236716408
AAPL,ALL_NO_MACRO,43,2,test,121,0.011018041600397311,0.012242120036005614,-3.0864689844101516
AAPL,ALL_NO_REGIME,48,2,test,121,0.01080211174783621,0.011989243735140855,-2.919390345991616
AAPL,ALL_FULL,56,2,test,121,0.009032283293221926,0.010136152518015959,-1.8014392781493203
AAPL,PRICE_ONLY,5,3,test,121,0.014418610616310603,0.01490012622540177,-14.589491104096542
AAPL,PRICE+TECH,30,3,test,121,0.013782814328582825,0.01436342100307137,-13.486645203238298
AAPL,PRICE+TECH+LAG,35,3,test,121,0.014162351487517379,0.014759972020249899,-14.297593344626629
AAPL,ALL_NO_MACRO,43,3,test,121,0.013117830633430546,0.01374028007038753,-12.256937649266636
AAPL,ALL_NO_REGIME,48,3,test,121,0.012950870381222487,0.013543764179617385,-11.880443299464458
AAPL,ALL_FULL,56,3,test,121,0.012146436140051058,0.012820370472582871,-10.541259179013812
AAPL,PRICE_ONLY,5,4,test,121,0.008593611186785952,0.009524844923925666,-2.3126059375420445
AAPL,PRICE+TECH,30,4,test,121,0.008717646693764318,0.009767321154341117,-2.4834123269878776
AAPL,PRICE+TECH+LAG,35,4,test,121,0.008744183061304305,0.00984188923927569,-2.536803202765098
AAPL,ALL_NO_MACRO,43,4,test,121,0.007755991620249319,0.008867599339043474,-1.8712173755283708
AAPL,ALL_NO_REGIME,48,4,test,121,0.0077724790247731355,0.008896504599633462,-1.8899662043285899
AAPL,ALL_FULL,56,4,test,121,0.007457158173400191,0.00853388627480807,-1.6591794803783886
AAPL,PRICE_ONLY,5,5,test,121,0.004966480729583893,0.006262340587344984,-0.01197862035880548
AAPL,PRICE+TECH,30,5,test,121,0.004871324627171321,0.006150907643496863,0.023715527152013527
AAPL,PRICE+TECH+LAG,35,5,test,121,0.004894419489745409,0.006149184680431016,0.024262394897305528
AAPL,ALL_NO_MACRO,43,5,test,121,0.004887144221101891,0.006294667397108121,-0.022453450468261416
AAPL,ALL_NO_REGIME,48,5,test,121,0.005102363277361158,0.006488690085881915,-0.0864557271277766
AAPL,ALL_FULL,56,5,test,121,0.005198517065731546,0.006595925907738581,-0.12266325186798199
AAPL,PRICE_ONLY,5,6,test,121,0.0072043094622940415,0.008839178142494563,-0.563300069855754
AAPL,PRICE+TECH,30,6,test,121,0.004915035099045198,0.006259889030849278,0.21593540563193359
AAPL,PRICE+TECH+LAG,35,6,test,121,0.004924432347901839,0.006250542494215001,0.21827500543817757
AAPL,ALL_NO_MACRO,43,6,test,121,0.004811024934819858,0.006469461947189375,0.16255768896375167
AAPL,ALL_NO_REGIME,48,6,test,121,0.00558036134275863,0.007549940389980504,-0.1405271273734674
AAPL,ALL_FULL,56,6,test,121,0.005857291129714126,0.007888224393592123,-0.24502217494814005
AAPL,PRICE_ONLY,5,7,test,121,0.008327049837124945,0.010500317842353066,-0.9649790830604925
AAPL,PRICE+TECH,30,7,test,121,0.005534280026787832,0.007153017203550845,0.08813282949292556
AAPL,PRICE+TECH+LAG,35,7,test,121,0.0055774555420480924,0.007205646785326884,0.07466501912712253
AAPL,ALL_NO_MACRO,43,7,test,121,0.006492125660952335,0.008034276120597645,-0.15039384125987953
AAPL,ALL_NO_REGIME,48,7,test,121,0.006944022253634157,0.008686770046000273,-0.34483713090541523
AAPL,ALL_FULL,56,7,test,121,0.00839024848014781,0.010483370225039968,-0.9586412103638204
AAPL,PRICE_ONLY,5,8,test,121,0.008211904080382559,0.011247967892192607,-0.6126886640424063
AAPL,PRICE+TECH,30,8,test,121,0.007189075820151938,0.009190361227175713,-0.07663268594597561
AAPL,PRICE+TECH+LAG,35,8,test,121,0.007126815627558756,0.009132150089262285,-0.06303723914425152
AAPL,ALL_NO_MACRO,43,8,test,121,0.007449240526872238,0.009138281803174499,-0.06446525521419444
AAPL,ALL_NO_REGIME,48,8,test,121,0.007629784816798777,0.009180576296574202,-0.07434133575986168
AAPL,ALL_FULL,56,8,test,121,0.008708321948391048,0.010356837026272958,-0.3672775465910243
AAPL,PRICE_ONLY,5,9,test,121,0.00612328778133225,0.008449713016075907,-0.4192367188959141
AAPL,PRICE+TECH,30,9,test,121,0.00513527023999073,0.006448554217208169,0.1733995599816348
AAPL,PRICE+TECH+LAG,35,9,test,121,0.005087893410340212,0.006374703410441076,0.1922241069213807
AAPL,ALL_NO_MACRO,43,9,test,121,0.0051883928363939125,0.006513296258987609,0.15671847403826478
AAPL,ALL_NO_REGIME,48,9,test,121,0.005596304602651412,0.0067868148776099434,0.0844060224791412
AAPL,ALL_FULL,56,9,test,121,0.0058769541874726565,0.007054122000239171,0.01086207447593135
AAPL,PRICE_ONLY,5,10,test,121,0.005691320872329148,0.006306422808305531,-1.5819150953291898
AAPL,PRICE+TECH,30,10,test,121,0.004891849877670516,0.00538820815615241,-0.8847967230767362
AAPL,PRICE+TECH+LAG,35,10,test,121,0.0047282167704940405,0.005227577573578385,-0.7740945447603411
AAPL,ALL_NO_MACRO,43,10,test,121,0.005080632227745674,0.005630333519972614,-1.057993654446522
AAPL,ALL_NO_REGIME,48,10,test,121,0.00522744900060013,0.005742842651596771,-1.1410638680694523
AAPL,ALL_FULL,56,10,test,121,0.005538874111387641,0.006122126136135877,-1.4332141572267374
AAPL,PRICE_ONLY,5,11,test,121,0.005417270118514254,0.005903092549404888,-1.2579397577819433
AAPL,PRICE+TECH,30,11,test,121,0.005152504753166294,0.005642928976836988,-1.0632997932224666
AAPL,PRICE+TECH+LAG,35,11,test,121,0.005104997536753533,0.005578459519350413,-1.0164234440817728
AAPL,ALL_NO_MACRO,43,11,test,121,0.005371341044618316,0.005903629611206892,-1.258350629997961
AAPL,ALL_NO_REGIME,48,11,test,121,0.0056990617937219355,0.006221889678611305,-1.5084056994495536
AAPL,ALL_FULL,56,11,test,121,0.005681103173704316,0.006301933543163616,-1.5733615304877309
AAPL,PRICE_ONLY,5,12,test,121,0.005194176988002251,0.00596011185359931,-1.3425492860046662
AAPL,PRICE+TECH,30,12,test,121,0.004801725529846536,0.005571112593508529,-1.046745235058756
AAPL,PRICE+TECH+LAG,35,12,test,121,0.004819218594033046,0.005588878710945028,-1.0598200725976277
AAPL,ALL_NO_MACRO,43,12,test,121,0.00491335116883901,0.0056714702618849925,-1.121149285097458
AAPL,ALL_NO_REGIME,48,12,test,121,0.005113895204928919,0.005825868973470799,-1.238212631312411
AAPL,ALL_FULL,56,12,test,121,0.0049750240790276245,0.005789008934443797,-1.2099800650434855
AAPL,PRICE_ONLY,5,13,test,121,0.005285416456107421,0.006080139362580811,-0.4956392307936792
AAPL,PRICE+TECH,30,13,test,121,0.0047812985747640565,0.005705644097347597,-0.31707084638778826
AAPL,PRICE+TECH+LAG,35,13,test,121,0.004780490438764746,0.005698577311224114,-0.3138103226338689
AAPL,ALL_NO_MACRO,43,13,test,121,0.004840455249933937,0.005688520863523893,-0.30917737442954807
AAPL,ALL_NO_REGIME,48,13,test,121,0.004725206136991994,0.005565837122830451,-0.25331652757795053
AAPL,ALL_FULL,56,13,test,121,0.004801866260267669,0.00567505487526247,-0.30298648534919237
AAPL,PRICE_ONLY,5,14,test,121,0.005621168642413488,0.007389291667146258,-0.21466101860006326
AAPL,PRICE+TECH,30,14,test,121,0.005521188339491011,0.007335332848681877,-0.1969861523514178
AAPL,PRICE+TECH+LAG,35,14,test,121,0.005466474628762591,0.0072694083647773635,-0.17556760167013818
AAPL,ALL_NO_MACRO,43,14,test,121,0.005458884848783368,0.006928394557768923,-0.06786093576042074
AAPL,ALL_NO_REGIME,48,14,test,121,0.005456917471738237,0.0071196237892032265,-0.12762206855497626
AAPL,ALL_FULL,56,14,test,121,0.005481187437590902,0.006940262890409996,-0.07152255858987866
AAPL,PRICE_ONLY,5,15,test,121,0.004806838654665347,0.006547294310135184,-0.16576808125702103
AAPL,PRICE+TECH,30,15,test,121,0.005289442396317479,0.007239094385814965,-0.42513797088930994
AAPL,PRICE+TECH+LAG,35,15,test,121,0.005300266271449368,0.0072300096689363064,-0.4215632554975528
AAPL,ALL_NO_MACRO,43,15,test,121,0.005186735423671504,0.006953941463615882,-0.31507491687467337
AAPL,ALL_NO_REGIME,48,15,test,121,0.005280664978581094,0.007036406957876849,-0.3464503138853938
AAPL,ALL_FULL,56,15,test,121,0.00525667836803169,0.006977994454063994,-0.32418807655711324
AAPL,PRICE_ONLY,5,16,test,121,0.004174806120794357,0.005447574954664487,-0.2598352581829537
AAPL,PRICE+TECH,30,16,test,121,0.00406126685938145,0.005449554386711378,-0.260750972558943
AAPL,PRICE+TECH+LAG,35,16,test,121,0.004082294917199334,0.00549967931515637,-0.2840503770257059
AAPL,ALL_NO_MACRO,43,16,test,121,0.004267847600957268,0.005597313291675739,-0.3300456927276294
AAPL,ALL_NO_REGIME,48,16,test,121,0.0041668195986806844,0.005517267256220035,-0.29227627984261506
AAPL,ALL_FULL,56,16,test,121,0.004339296394436244,0.005638474694535097,-0.3496793421978268
AAPL,PRICE_ONLY,5,17,test,121,0.008960954463971642,0.015746911231357616,-0.194572195959676
AAPL,PRICE+TECH,30,17,test,121,0.008438694493861316,0.014154873768647788,0.03476370250727834
AAPL,PRICE+TECH+LAG,35,17,test,121,0.008463504963698276,0.014272851319375095,0.018606613171145314
AAPL,ALL_NO_MACRO,43,17,test,121,0.007751708128125371,0.012691094518466187,0.2240749001423915
AAPL,ALL_NO_REGIME,48,17,test,121,0.0077023377912071485,0.012851650242712166,0.20431817303058852
AAPL,ALL_FULL,56,17,test,121,0.00749411039071706,0.012434684136156539,0.25511168883106794
AAPL,PRICE_ONLY,5,18,test,121,0.00871645498319188,0.015006550807367137,-0.03967443010528271
AAPL,PRICE+TECH,30,18,test,121,0.00958960990969844,0.014567132898184919,0.020321083303939447
AAPL,PRICE+TECH+LAG,35,18,test,121,0.009628597297691168,0.014562879149057534,0.020893151935177823
AAPL,ALL_NO_MACRO,43,18,test,121,0.008424597404380015,0.012933059119689613,0.22778519670425668
AAPL,ALL_NO_REGIME,48,18,test,121,0.008577627441198363,0.013344519004342803,0.17786820169548112
AAPL,ALL_FULL,56,18,test,121,0.00805281095752901,0.01264695547265356,0.2615729861308922
AAPL,PRICE_ONLY,5,19,test,121,0.004971786340785828,0.005792764974707415,-0.001072637299259771
AAPL,PRICE+TECH,30,19,test,121,0.005279044915511691,0.006057427937687283,-0.09463740944381627
AAPL,PRICE+TECH+LAG,35,19,test,121,0.0052695323611143706,0.0060373866482404705,-0.08740607164897929
AAPL,ALL_NO_MACRO,43,19,test,121,0.005168489084096746,0.005896737976057611,-0.03733118453859907
AAPL,ALL_NO_REGIME,48,19,test,121,0.005152142277025091,0.0058869837249329576,-0.03390216323597239
AAPL,ALL_FULL,56,19,test,121,0.005132089588559533,0.005884208563655741,-0.03292761698556057
AAPL,PRICE_ONLY,5,20,test,121,0.004507060138510845,0.005113234637647177,0.0016281058389473468
AAPL,PRICE+TECH,30,20,test,121,0.0049678784606603,0.005554268295468476,-0.17802528024647013
AAPL,PRICE+TECH+LAG,35,20,test,121,0.0049045062612684195,0.0054874761727645395,-0.1498632578084642
AAPL,ALL_NO_MACRO,43,20,test,121,0.004859608047016537,0.0054523677120145095,-0.13519684800568021
AAPL,ALL_NO_REGIME,48,20,test,121,0.004870634589162824,0.0054500605036739425,-0.1342363179676349
AAPL,ALL_FULL,56,20,test,121,0.004789179103772841,0.0053900665004709475,-0.10940252167359077
AAPL,PRICE_ONLY,5,21,test,121,0.004335182284806348,0.005381965912116551,-0.03958895243213867
AAPL,PRICE+TECH,30,21,test,121,0.004563791739599687,0.0055574370867858824,-0.10848259940753668
AAPL,PRICE+TECH+LAG,35,21,test,121,0.004543701601100639,0.005547896005245107,-0.1046797514081419
AAPL,ALL_NO_MACRO,43,21,test,121,0.004995412823708231,0.006000869110736733,-0.29243311929121774
AAPL,ALL_NO_REGIME,48,21,test,121,0.0049225810551135505,0.005889518932076905,-0.2449141823421619
AAPL,ALL_FULL,56,21,test,121,0.005133522034043934,0.006100764283539504,-0.3358209827731975
TSLA,PRICE_ONLY,5,0,test,121,0.015833341876804026,0.022435239803379328,-0.02557600164351581
TSLA,PRICE+TECH,30,0,test,121,0.016241523525543772,0.02332204649659358,-0.10825508259036698
TSLA,PRICE+TECH+LAG,35,0,test,121,0.016251444317607076,0.023370105334827754,-0.11282726528024467
TSLA,ALL_NO_MACRO,43,0,test,121,0.016211665566009528,0.02324509681367033,-0.10095390605635912
TSLA,ALL_NO_REGIME,48,0,test,121,0.017067272610809973,0.024375207641084348,-0.21060667969617564
TSLA,ALL_FULL,56,0,test,121,0.016997632649206597,0.024274075785209712,-0.2005819922055141
TSLA,PRICE_ONLY,5,1,test,121,0.02255882909756552,0.025281567880215898,-1.5670222391806172
TSLA,PRICE+TECH,30,1,test,121,0.03518169408235748,0.037587827241986546,-4.674349313080894
TSLA,PRICE+TECH+LAG,35,1,test,121,0.03533009668504205,0.03780870221975484,-4.741232891007878
TSLA,ALL_NO_MACRO,43,1,test,121,0.025525263082678218,0.02829459715302219,-2.2153529556097644
TSLA,ALL_NO_REGIME,48,1,test,121,0.030375450452116957,0.033060113886695455,-3.3896542434275574
TSLA,ALL_FULL,56,1,test,121,0.023964202493437232,0.027019243427384106,-1.9320271762380785
TSLA,PRICE_ONLY,5,2,test,121,0.020661124491758397,0.022745118913891808,-1.1265185661003856
TSLA,PRICE+TECH,30,2,test,121,0.019250811383115254,0.022081229073362303,-1.0041916192586116
TSLA,PRICE+TECH+LAG,35,2,test,121,0.019620438153067545,0.022492609535134798,-1.0795647323332371
TSLA,ALL_NO_MACRO,43,2,test,121,0.017912667872342487,0.02060515881340209,-0.7451979240962241
TSLA,ALL_NO_REGIME,48,2,test,121,0.018515746784652946,0.021179801975397882,-0.8438965252453612
TSLA,ALL_FULL,56,2,test,121,0.017894697642439002,0.020470206278752713,-0.7224125987870877
TSLA,PRICE_ONLY,5,3,test,121,0.011947604449191499,0.013394236798989899,-1.476996896894605
TSLA,PRICE+TECH,30,3,test,121,0.009673974772448845,0.010918897957372251,-0.6460655729991105
TSLA,PRICE+TECH+LAG,35,3,test,121,0.009824006873190917,0.011120774756705974,-0.7074956512929877
TSLA,ALL_NO_MACRO,43,3,test,121,0.01371903056642505,0.015858512053126588,-2.4722772147011165
TSLA,ALL_NO_REGIME,48,3,test,121,0.013033696540070718,0.014611194716192426,-1.947548596579082
TSLA,ALL_FULL,56,3,test,121,0.015322245450311248,0.017423152282661416,-3.1912443617871498
TSLA,PRICE_ONLY,5,4,test,121,0.013890687204739651,0.016850601157729142,-0.19809636218741788
TSLA,PRICE+TECH,30,4,test,121,0.014727107751770486,0.0177134092113169,-0.32393072895081754
TSLA,PRICE+TECH+LAG,35,4,test,121,0.015008070562260488,0.018051370449708434,-0.37493228160059755
TSLA,ALL_NO_MACRO,43,4,test,121,0.014060298419095106,0.0172429651333224,-0.2545409764493374
TSLA,ALL_NO_REGIME,48,4,test,121,0.01474828326473382,0.01785902342457258,-0.3457871115616076
TSLA,ALL_FULL,56,4,test,121,0.014305689757990153,0.017636245352081775,-0.3124211333309779
TSLA,PRICE_ONLY,5,5,test,121,0.011959909856364904,0.016539385926970126,-0.675456617275441
TSLA,PRICE+TECH,30,5,test,121,0.01038857302398387,0.01364149074635176,-0.13977228006642828
TSLA,PRICE+TECH+LAG,35,5,test,121,0.010334561214977958,0.013632547316884283,-0.13827828916186657
TSLA,ALL_NO_MACRO,43,5,test,121,0.009880628821612206,0.013104378920588756,-0.05178581631417156
TSLA,ALL_NO_REGIME,48,5,test,121,0.00975023862508915,0.012821011817873833,-0.006790307692707609
TSLA,ALL_FULL,56,5,test,121,0.00963320935195015,0.012852274499208812,-0.011706197201944546
TSLA,PRICE_ONLY,5,6,test,121,0.012061664205434813,0.015162596648244216,-0.4926813466403468
TSLA,PRICE+TECH,30,6,test,121,0.00960915532733578,0.012268388305657974,0.022774101619322473
TSLA,PRICE+TECH+LAG,35,6,test,121,0.009450940326293959,0.012152631438962651,0.04112809196642486
TSLA,ALL_NO_MACRO,43,6,test,121,0.009151335478430252,0.011768429269545402,0.1007986621060234
TSLA,ALL_NO_REGIME,48,6,test,121,0.00898375206398545,0.011524479497544362,0.13769167160036955
TSLA,ALL_FULL,56,6,test,121,0.00876570339480614,0.011331613158983565,0.16631224729028304
TSLA,PRICE_ONLY,5,7,test,121,0.01289992008236958,0.015696817449163937,-0.25777267651981917
TSLA,PRICE+TECH,30,7,test,121,0.009902846526375814,0.01214401996169733,0.24715792027628525
TSLA,PRICE+TECH+LAG,35,7,test,121,0.009750722480582305,0.012054877487475904,0.25816974282089955
TSLA,ALL_NO_MACRO,43,7,test,121,0.00975530990229118,0.012157642520674153,0.24546797118278818
TSLA,ALL_NO_REGIME,48,7,test,121,0.010169788189433994,0.01265177000038237,0.1828881341041283
TSLA,ALL_FULL,56,7,test,121,0.010241274158743317,0.012590195628729322,0.19082231504900704
TSLA,PRICE_ONLY,5,8,test,121,0.012186725179466703,0.01526777825980212,0.013854444776823738
TSLA,PRICE+TECH,30,8,test,121,0.011484951949429816,0.014827939521782544,0.06985437887810686
TSLA,PRICE+TECH+LAG,35,8,test,121,0.011391451464420927,0.014651514835196264,0.09185668127179869
TSLA,ALL_NO_MACRO,43,8,test,121,0.011610594279769106,0.014490600978467856,0.1116949540519312
TSLA,ALL_NO_REGIME,48,8,test,121,0.011863165435392144,0.014480288194818055,0.11295889581914997
TSLA,ALL_FULL,56,8,test,121,0.012121378396852957,0.014920444513061732,0.05821263930852716
TSLA,PRICE_ONLY,5,9,test,121,0.012086961499102326,0.015284018959669717,-0.14567630141458587
TSLA,PRICE+TECH,30,9,test,121,0.011761031691856041,0.01568787306245768,-0.2070212815227277
TSLA,PRICE+TECH+LAG,35,9,test,121,0.011734336841634916,0.01570371761253951,-0.20946066472323066
TSLA,ALL_NO_MACRO,43,9,test,121,0.011406121772718922,0.01504475345571049,-0.11008681545845156
TSLA,ALL_NO_REGIME,48,9,test,121,0.01106676403041181,0.01421955335861908,0.008349341263828802
TSLA,ALL_FULL,56,9,test,121,0.01129180360567394,0.014479091680586881,-0.028180659331247693
TSLA,PRICE_ONLY,5,10,test,121,0.011139446572625882,0.013388028144194387,-0.5053330610584166
TSLA,PRICE+TECH,30,10,test,121,0.009408514971555848,0.011701511403099574,-0.1499614638137703
TSLA,PRICE+TECH+LAG,35,10,test,121,0.009483242931172576,0.011829761378058789,-0.17530703447962126
TSLA,ALL_NO_MACRO,43,10,test,121,0.010396917626681013,0.012879426283735779,-0.3931324302446484
TSLA,ALL_NO_REGIME,48,10,test,121,0.010073778973218882,0.012218851894559615,-0.2538921056480783
TSLA,ALL_FULL,56,10,test,121,0.01064601546618227,0.012924651215393372,-0.4029333226942766
TSLA,PRICE_ONLY,5,11,test,121,0.01199625664668286,0.0139989229562801,-0.6306720466727542
TSLA,PRICE+TECH,30,11,test,121,0.010505589579948052,0.012244801685626736,-0.24761587233363658
TSLA,PRICE+TECH+LAG,35,11,test,121,0.01040106227054558,0.012145955484883219,-0.2275544073720619
TSLA,ALL_NO_MACRO,43,11,test,121,0.010486358568255026,0.012134176418932406,-0.2251746138671873
TSLA,ALL_NO_REGIME,48,11,test,121,0.010360040349257011,0.011959258993335794,-0.19010676018948058
TSLA,ALL_FULL,56,11,test,121,0.010454217641825308,0.012108763226630964,-0.2200481029945769
TSLA,PRICE_ONLY,5,12,test,121,0.0127477439225408,0.014503323585307145,-0.6190980391107188
TSLA,PRICE+TECH,30,12,test,121,0.009985570078547078,0.012212169876861103,-0.1479520482198209
TSLA,PRICE+TECH+LAG,35,12,test,121,0.010073362748137029,0.012251173924680607,-0.15529657083599857
TSLA,ALL_NO_MACRO,43,12,test,121,0.010026867237360406,0.011884381548031089,-0.08715444586052112
TSLA,ALL_NO_REGIME,48,12,test,121,0.010337833343857367,0.012186919151212361,-0.14320978617323754
TSLA,ALL_FULL,56,12,test,121,0.010558187932842087,0.01220894615903691,-0.1473460649961551
TSLA,PRICE_ONLY,5,13,test,121,0.012618129256062668,0.015260150214856015,-0.24664698051790346
TSLA,PRICE+TECH,30,13,test,121,0.0098697508255442,0.013328823841680021,0.0489364694065445
TSLA,PRICE+TECH+LAG,35,13,test,121,0.009767931847697092,0.013216056220242698,0.06496121190897719
TSLA,ALL_NO_MACRO,43,13,test,121,0.009973878539815089,0.013101529793909534,0.08109653375031767
TSLA,ALL_NO_REGIME,48,13,test,121,0.010100269948608825,0.013058465764040236,0.08712737929698755
TSLA,ALL_FULL,56,13,test,121,0.01033005197365497,0.013248379150321808,0.060381910523106375
TSLA,PRICE_ONLY,5,14,test,121,0.010746432041795302,0.014026017306425479,0.031125129406844088
TSLA,PRICE+TECH,30,14,test,121,0.010558885991685835,0.01419182112546721,0.00808328587588858
TSLA,PRICE+TECH+LAG,35,14,test,121,0.01053448969946206,0.014124296937313182,0.017499840647107523
TSLA,ALL_NO_MACRO,43,14,test,121,0.010084785322653873,0.013416127162786359,0.11355196212026941
TSLA,ALL_NO_REGIME,48,14,test,121,0.010162838761752021,0.013695191246353043,0.07629104556117672
TSLA,ALL_FULL,56,14,test,121,0.009998871044226186,0.013405332208997874,0.11497790504596261
TSLA,PRICE_ONLY,5,15,test,121,0.012535660589553884,0.01777653613362258,-0.14521180740572648
TSLA,PRICE+TECH,30,15,test,121,0.01202502196939332,0.017006011234356494,-0.04808489126357385
TSLA,PRICE+TECH+LAG,35,15,test,121,0.011985736731669621,0.017010115212614037,-0.048590810794566286
TSLA,ALL_NO_MACRO,43,15,test,121,0.011873313296693364,0.016669656893462167,-0.007035682062577431
TSLA,ALL_NO_REGIME,48,15,test,121,0.011898630280371808,0.016853661461702554,-0.029390294443227383
TSLA,ALL_FULL,56,15,test,121,0.011815795169351846,0.016663845205512808,-0.006333621191391581
TSLA,PRICE_ONLY,5,16,test,121,0.014044625448457769,0.01914272718269362,-0.26330510271927965
TSLA,PRICE+TECH,30,16,test,121,0.013670262153646705,0.01817869061185608,-0.13926781148714817
TSLA,PRICE+TECH+LAG,35,16,test,121,0.013681796836933793,0.018150104913914077,-0.13568766802444077
TSLA,ALL_NO_MACRO,43,16,test,121,0.013564657118403281,0.018161023084379172,-0.1370544216717633
TSLA,ALL_NO_REGIME,48,16,test,121,0.013485171519169076,0.01802160098517221,-0.11966311121571205
TSLA,ALL_FULL,56,16,test,121,0.013446586568417709,0.018025473490741573,-0.12014435230963194
TSLA,PRICE_ONLY,5,17,test,121,0.016716523486137166,0.023440577478697103,-0.3446902578322393
TSLA,PRICE+TECH,30,17,test,121,0.014406847916984758,0.019467087391938004,0.07255620035847954
TSLA,PRICE+TECH+LAG,35,17,test,121,0.014482336963400727,0.019500247908815833,0.06939386703208528
TSLA,ALL_NO_MACRO,43,17,test,121,0.014225389223981635,0.018972489200275933,0.11908445530930345
TSLA,ALL_NO_REGIME,48,17,test,121,0.014002541141554343,0.018688212923729155,0.14528526278753173
TSLA,ALL_FULL,56,17,test,121,0.013989105735057987,0.018576505199515442,0.15547274092466068
TSLA,PRICE_ONLY,5,18,test,121,0.0156418281897774,0.022927849017887986,-0.2016137773516795
TSLA,PRICE+TECH,30,18,test,121,0.01388813935746154,0.019609302158436002,0.12105327965907542
TSLA,PRICE+TECH+LAG,35,18,test,121,0.014000104955058535,0.019737273171852407,0.10954377004696436
TSLA,ALL_NO_MACRO,43,18,test,121,0.01400437362212544,0.019276304670640048,0.15065167117980027
TSLA,ALL_NO_REGIME,48,18,test,121,0.013848608430416829,0.019038834678299022,0.1714494722757709
TSLA,ALL_FULL,56,18,test,121,0.013706854460654533,0.018804474843204844,0.19172212432542812
TSLA,PRICE_ONLY,5,19,test,121,0.01242310810892732,0.015066862864292695,-0.4252611956524701
TSLA,PRICE+TECH,30,19,test,121,0.009898410666778585,0.013078216456307938,-0.07385546682099187
TSLA,PRICE+TECH+LAG,35,19,test,121,0.010000193706057656,0.013190651821626065,-0.09239902573535841
TSLA,ALL_NO_MACRO,43,19,test,121,0.009537849728012417,0.012734348147421835,-0.01812764108270848
TSLA,ALL_NO_REGIME,48,19,test,121,0.009556758188642888,0.012679949364712851,-0.009447713906567623
TSLA,ALL_FULL,56,19,test,121,0.009434459145922587,0.01257375795468795,0.007389232155564196
TSLA,PRICE_ONLY,5,20,test,121,0.011707131482290498,0.013856300656709604,-1.7825020315330797
TSLA,PRICE+TECH,30,20,test,121,0.008163892147724882,0.010247120163497202,-0.5217543495996197
TSLA,PRICE+TECH+LAG,35,20,test,121,0.007930035758993875,0.010009094297356158,-0.45187910610148974
TSLA,ALL_NO_MACRO,43,20,test,121,0.007932625266820387,0.009921528821350195,-0.42658643576808
TSLA,ALL_NO_REGIME,48,20,test,121,0.007805047262796941,0.009761290188231974,-0.38087809838140285
TSLA,ALL_FULL,56,20,test,121,0.007898485224763734,0.009757774169589655,-0.3798834924179879
TSLA,PRICE_ONLY,5,21,test,121,0.013577395469649069,0.015256272432941267,-3.5961076927308238
TSLA,PRICE+TECH,30,21,test,121,0.009241333765127861,0.01109500918346789,-1.4307968091607952
TSLA,PRICE+TECH+LAG,35,21,test,121,0.00897824066883451,0.010803765744194277,-1.304855183042886
TSLA,ALL_NO_MACRO,43,21,test,121,0.0092794046106536,0.011060897404817726,-1.41587274127532
TSLA,ALL_NO_REGIME,48,21,test,121,0.009470075324962666,0.01124332813395156,-1.4962213696618778
TSLA,ALL_FULL,56,21,test,121,0.009610534799753162,0.011331584149589366,-1.535564029157391
MSFT,PRICE_ONLY,5,0,test,121,0.005706652766056229,0.008254826839082604,-0.3421391238123159
MSFT,PRICE+TECH,30,0,test,121,0.0054147144147699625,0.007399886054758136,-0.07852860024244834
MSFT,PRICE+TECH+LAG,35,0,test,121,0.0054144827313751575,0.007352490789779237,-0.06475718559589128
MSFT,ALL_NO_MACRO,43,0,test,121,0.005401784113315223,0.006946224504701336,0.04965951056170714
MSFT,ALL_NO_REGIME,48,0,test,121,0.00524656957546468,0.006903077917421034,0.061428954666452595
MSFT,ALL_FULL,56,0,test,121,0.00533618733953288,0.006853784624512865,0.07478533662214049
MSFT,PRICE_ONLY,5,1,test,121,0.005610759185027916,0.006798063193400803,-0.6632347015761817
MSFT,PRICE+TECH,30,1,test,121,0.010142897404329635,0.01167897537163636,-3.9089954318312747
MSFT,PRICE+TECH+LAG,35,1,test,121,0.010076813649453386,0.011523937637225395,-3.7795272443968617
MSFT,ALL_NO_MACRO,43,1,test,121,0.009230324899996875,0.010667514874564583,-3.095525713313612
MSFT,ALL_NO_REGIME,48,1,test,121,0.010646826582660768,0.01188725946793947,-4.085651863682493
MSFT,ALL_FULL,56,1,test,121,0.010139785126188395,0.011466531216537306,-3.7320274816801167
MSFT,PRICE_ONLY,5,2,test,121,0.0058707506149157235,0.00677426683694064,-1.534597921732117
MSFT,PRICE+TECH,30,2,test,121,0.006963747641380274,0.007806974596581252,-2.366278226297399
MSFT,PRICE+TECH+LAG,35,2,test,121,0.00701162228840135,0.007887354263905785,-2.435952656962173
MSFT,ALL_NO_MACRO,43,2,test,121,0.006896752456170635,0.007823103603074772,-2.380201880958198
MSFT,ALL_NO_REGIME,48,2,test,121,0.006691966623719721,0.00750899393942487,-2.1142106330783714
MSFT,ALL_FULL,56,2,test,121,0.006397086508827941,0.007313895292521768,-1.9544861114077632
MSFT,PRICE_ONLY,5,3,test,121,0.009326103114528634,0.010116526444711973,-4.858078665879526
MSFT,PRICE+TECH,30,3,test,121,0.008495502171519695,0.00925121571787577,-3.898802974246755
MSFT,PRICE+TECH+LAG,35,3,test,121,0.009082154065351766,0.009819818153592183,-4.519493777276293
MSFT,ALL_NO_MACRO,43,3,test,121,0.007586010364098802,0.008265583451959524,-2.910563903204457
MSFT,ALL_NO_REGIME,48,3,test,121,0.0075236310140289996,0.008250181914678066,-2.896004112470305
MSFT,ALL_FULL,56,3,test,121,0.007180697837434221,0.007854636613703154,-2.531380808417023
MSFT,PRICE_ONLY,5,4,test,121,0.0069253047052648935,0.008140926318299326,-1.2712254698009717
MSFT,PRICE+TECH,30,4,test,121,0.005758289003255011,0.006994463365617512,-0.6765688827122935
MSFT,PRICE+TECH+LAG,35,4,test,121,0.005984268426345583,0.007267474349991526,-0.8100043429813268
MSFT,ALL_NO_MACRO,43,4,test,121,0.005728128630758337,0.006619264321020201,-0.5015232077295946
MSFT,ALL_NO_REGIME,48,4,test,121,0.005378852258905675,0.006311165212455701,-0.36499700998749196
MSFT,ALL_FULL,56,4,test,121,0.005491941328452395,0.006309946451252937,-0.36446986651694346
MSFT,PRICE_ONLY,5,5,test,121,0.006439994157096357,0.008310384944904737,-0.60733162101794
MSFT,PRICE+TECH,30,5,test,121,0.004724203254477552,0.006283934944125163,0.08097660558028341
MSFT,PRICE+TECH+LAG,35,5,test,121,0.004641972128112978,0.006194401799973128,0.10697842535215818
MSFT,ALL_NO_MACRO,43,5,test,121,0.004968363892919151,0.006278684020466971,0.08251185555170981
MSFT,ALL_NO_REGIME,48,5,test,121,0.0048618025487761965,0.006180487590161345,0.11098582891409647
MSFT,ALL_FULL,56,5,test,121,0.004970290783729272,0.006297228228757695,0.07708421596529325
MSFT,PRICE_ONLY,5,6,test,121,0.009620839970961893,0.011679360077695319,-1.9541252822322042
MSFT,PRICE+TECH,30,6,test,121,0.005744615316140824,0.007253089237105529,-0.13929674050727048
MSFT,PRICE+TECH+LAG,35,6,test,121,0.0056870233512582875,0.007195012422270512,-0.12112467088673862
MSFT,ALL_NO_MACRO,43,6,test,121,0.006095654925155465,0.007756148355306883,-0.30281583405857826
MSFT,ALL_NO_REGIME,48,6,test,121,0.006204603562618804,0.0077943473878651255,-0.31568017128062875
MSFT,ALL_FULL,56,6,test,121,0.006314462587508652,0.008039102537038005,-0.3996064957150387
MSFT,PRICE_ONLY,5,7,test,121,0.008122857801865061,0.010889776427527692,-0.7985544428230202
MSFT,PRICE+TECH,30,7,test,121,0.007061285277854693,0.009409617519322556,-0.3428564909582801
MSFT,PRICE+TECH+LAG,35,7,test,121,0.007018718106610698,0.00933939007102731,-0.3228868234031226
MSFT,ALL_NO_MACRO,43,7,test,121,0.007213010406114274,0.009588173091842254,-0.39430374110740707
MSFT,ALL_NO_REGIME,48,7,test,121,0.007901489949466689,0.010243421947999116,-0.5913869289942861
MSFT,ALL_FULL,56,7,test,121,0.00808014048856744,0.010534113399964311,-0.6829904047087281
MSFT,PRICE_ONLY,5,8,test,121,0.008104291030525268,0.01069258705177144,-0.4791703697862759
MSFT,PRICE+TECH,30,8,test,121,0.007145912274973927,0.009494384877736937,-0.16623554819777286
MSFT,PRICE+TECH+LAG,35,8,test,121,0.007059140667718279,0.00936829805920958,-0.1354656711707567
MSFT,ALL_NO_MACRO,43,8,test,121,0.007088621354498417,0.009462488574391201,-0.1584127942005542
MSFT,ALL_NO_REGIME,48,8,test,121,0.007385714559336733,0.00961443266326106,-0.19591395449898985
MSFT,ALL_FULL,56,8,test,121,0.007587299671240519,0.009826774111251402,-0.24932248185096406
MSFT,PRICE_ONLY,5,9,test,121,0.00701770067558775,0.009273864336089076,-0.5008519244893903
MSFT,PRICE+TECH,30,9,test,121,0.006192384018571124,0.00793395575342838,-0.09848951958970242
MSFT,PRICE+TECH+LAG,35,9,test,121,0.006167206556936126,0.007927911345112197,-0.0968164096832611
MSFT,ALL_NO_MACRO,43,9,test,121,0.006166031495098208,0.00813384510021922,-0.15453782141097339
MSFT,ALL_NO_REGIME,48,9,test,121,0.0064744249019479845,0.008112135099975895,-0.14838290559240064
MSFT,ALL_FULL,56,9,test,121,0.006614505746432837,0.008287743132517166,-0.19864046216359021
MSFT,PRICE_ONLY,5,10,test,121,0.005156215295817786,0.006717808345941975,-0.28231743906582585
MSFT,PRICE+TECH,30,10,test,121,0.00501589300777228,0.006248896640554901,-0.10955034298607069
MSFT,PRICE+TECH+LAG,35,10,test,121,0.004952393057962791,0.0061664007557342545,-0.0804478802722115
MSFT,ALL_NO_MACRO,43,10,test,121,0.005082265954755933,0.006625897401029416,-0.24746894488330806
MSFT,ALL_NO_REGIME,48,10,test,121,0.0056714812050031845,0.007084167791563693,-0.42599501586431976
MSFT,ALL_FULL,56,10,test,121,0.006220076495079427,0.007687633944994487,-0.679290073783863
MSFT,PRICE_ONLY,5,11,test,121,0.003943209264139062,0.004992063426419801,-0.040545239133641386
MSFT,PRICE+TECH,30,11,test,121,0.004721767386614876,0.005606247924456751,-0.31233700903834016
MSFT,PRICE+TECH+LAG,35,11,test,121,0.004732827332463128,0.005620662791502549,-0.3190942854928225
MSFT,ALL_NO_MACRO,43,11,test,121,0.004415832581603287,0.005369352932096979,-0.20377322745900517
MSFT,ALL_NO_REGIME,48,11,test,121,0.004622267603440893,0.005475181191104156,-0.2516928433768024
MSFT,ALL_FULL,56,11,test,121,0.004649380810686222,0.005543349277197038,-0.2830549736858097
MSFT,PRICE_ONLY,5,12,test,121,0.003965131635909464,0.004953959084039909,-0.33418254027842
MSFT,PRICE+TECH,30,12,test,121,0.004834711045699439,0.0057585266834722405,-0.8027403916109399
MSFT,PRICE+TECH+LAG,35,12,test,121,0.0047137367004897,0.005620735972152425,-0.7175001864453037
MSFT,ALL_NO_MACRO,43,12,test,121,0.003644256145469596,0.004439238008070402,-0.07133990746806695
MSFT,ALL_NO_REGIME,48,12,test,121,0.004168772839588098,0.004946294498174541,-0.33005733623372135
MSFT,ALL_FULL,56,12,test,121,0.003732207370752239,0.00451405083404121,-0.10775396532215753
MSFT,PRICE_ONLY,5,13,test,121,0.0036891041415825065,0.00460288311267144,-0.3432295635581286
MSFT,PRICE+TECH,30,13,test,121,0.004075996885166375,0.0049151130463739885,-0.5316423667440258
MSFT,PRICE+TECH+LAG,35,13,test,121,0.003911797360706797,0.004725212584114811,-0.4155755497376259
MSFT,ALL_NO_MACRO,43,13,test,121,0.0034372729380625178,0.004112814410350678,-0.0724290607753606
MSFT,ALL_NO_REGIME,48,13,test,121,0.0038278098091887895,0.004499474630694649,-0.2835534664461312
MSFT,ALL_FULL,56,13,test,121,0.0038942841133153003,0.0045389000927019375,-0.3061456122977946
MSFT,PRICE_ONLY,5,14,test,121,0.004027019140342215,0.00476406324037499,-0.28862529531419523
MSFT,PRICE+TECH,30,14,test,121,0.004224749240293693,0.004903996103714384,-0.3654375732669186
MSFT,PRICE+TECH+LAG,35,14,test,121,0.004172641302714707,0.004826669335598897,-0.32271631687305247
MSFT,ALL_NO_MACRO,43,14,test,121,0.004413108688632602,0.005099207594143729,-0.47630809883163194
MSFT,ALL_NO_REGIME,48,14,test,121,0.004806949370118235,0.005631240983120853,-0.8004449302363077
MSFT,ALL_FULL,56,14,test,121,0.004896560416984283,0.0057019730086840924,-0.8459584896147612
MSFT,PRICE_ONLY,5,15,test,121,0.004655876226785333,0.005516875647101945,-0.6055066747658633
MSFT,PRICE+TECH,30,15,test,121,0.004697212451101603,0.005512223988324949,-0.6028003891121685
MSFT,PRICE+TECH+LAG,35,15,test,121,0.004676947744711646,0.005497256304904888,-0.5941078404022004
MSFT,ALL_NO_MACRO,43,15,test,121,0.005199927253195273,0.00626332814755385,-1.0693600344979677
MSFT,ALL_NO_REGIME,48,15,test,121,0.005489950220341574,0.006458209708595451,-1.2001384556886427
MSFT,ALL_FULL,56,15,test,121,0.0055104003704542085,0.006592913699988816,-1.2928756785894842
MSFT,PRICE_ONLY,5,16,test,121,0.004286027878574494,0.006620804982978033,-0.17203398490755806
MSFT,PRICE+TECH,30,16,test,121,0.004324480794432866,0.006441637398487323,-0.10945875706047548
MSFT,PRICE+TECH+LAG,35,16,test,121,0.004391731612786517,0.006466823198190734,-0.11815133937239253
MSFT,ALL_NO_MACRO,43,16,test,121,0.0052440185540200395,0.006974247615957646,-0.3005089295506178
MSFT,ALL_NO_REGIME,48,16,test,121,0.005398630921294001,0.007060621009250014,-0.3329210128737785
MSFT,ALL_FULL,56,16,test,121,0.005680750326778384,0.007253310370653052,-0.4066664716136372
MSFT,PRICE_ONLY,5,17,test,121,0.0066561575479075555,0.009923931791394017,-0.2861006318170394
MSFT,PRICE+TECH,30,17,test,121,0.005825358253689266,0.008449854114475179,0.06759234097538613
MSFT,PRICE+TECH+LAG,35,17,test,121,0.005819478466169255,0.00844020209910752,0.06972124709322058
MSFT,ALL_NO_MACRO,43,17,test,121,0.005709392301367139,0.007668683428417237,0.23202155586976358
MSFT,ALL_NO_REGIME,48,17,test,121,0.006012832775544151,0.007928184045434323,0.1791669075992024
MSFT,ALL_FULL,56,17,test,121,0.005706294093337863,0.0076102866378374295,0.24367328741034966
MSFT,PRICE_ONLY,5,18,test,121,0.00639508716949407,0.009351589104960818,-0.06293384204680197
MSFT,PRICE+TECH,30,18,test,121,0.005841344836145444,0.008185094705311141,0.1857030288704733
MSFT,PRICE+TECH+LAG,35,18,test,121,0.005787366038007874,0.008109197856842028,0.20073426351163948
MSFT,ALL_NO_MACRO,43,18,test,121,0.005861138136487561,0.00748058293303496,0.31984751987348736
MSFT,ALL_NO_REGIME,48,18,test,121,0.0061349794658600585,0.0076563386954330015,0.28751179975870256
MSFT,ALL_FULL,56,18,test,121,0.0061754100009848234,0.00762704934229158,0.292952625568045
MSFT,PRICE_ONLY,5,19,test,121,0.0037757591912723956,0.004596884360107018,-0.35004183929567834
MSFT,PRICE+TECH,30,19,test,121,0.004012087353878285,0.004804567674183792,-0.4747849617058111
MSFT,PRICE+TECH+LAG,35,19,test,121,0.003980315169995374,0.004792598430624664,-0.4674460817061832
MSFT,ALL_NO_MACRO,43,19,test,121,0.003993633184286817,0.004984866673584683,-0.5875490947360444
MSFT,ALL_NO_REGIME,48,19,test,121,0.004161959738774285,0.0051390041559175054,-0.6872444503618016
MSFT,ALL_FULL,56,19,test,121,0.004138305043134688,0.005117589518209094,-0.6732119858424848
MSFT,PRICE_ONLY,5,20,test,121,0.0049165164940587055,0.007774570486017724,0.03699553003778
MSFT,PRICE+TECH,30,20,test,121,0.004868168379034062,0.007607963409950695,0.07782716928925248
MSFT,PRICE+TECH+LAG,35,20,test,121,0.004900040875748376,0.007616838585232152,0.07567436730787525
MSFT,ALL_NO_MACRO,43,20,test,121,0.004992936811618873,0.007819555287751601,0.025819119767744092
MSFT,ALL_NO_REGIME,48,20,test,121,0.005073718872259647,0.007827147024465382,0.02392660424501558
MSFT,ALL_FULL,56,20,test,121,0.005175455581070149,0.00796521008476433,-0.010811006480305307
MSFT,PRICE_ONLY,5,21,test,121,0.0056693217563277085,0.00842289887519273,-0.01322734683884863
MSFT,PRICE+TECH,30,21,test,121,0.006197399510705927,0.008811772442225916,-0.10894568695547613
MSFT,PRICE+TECH+LAG,35,21,test,121,0.006233725516481739,0.008852466765102578,-0.11921195249944216
MSFT,ALL_NO_MACRO,43,21,test,121,0.006197936740935858,0.008899413073844398,-0.1311142151489859
MSFT,ALL_NO_REGIME,48,21,test,121,0.006174447293059813,0.008765782873810551,-0.09740048492932507
MSFT,ALL_FULL,56,21,test,121,0.006274710449979058,0.00899755840446355,-0.15620030179241118
GLD,PRICE_ONLY,5,0,test,121,0.00425329886585524,0.006318493308240646,-0.3917334918439699
GLD,PRICE+TECH,30,0,test,121,0.0037045945619255515,0.0055325673580444955,-0.06704427251537504
GLD,PRICE+TECH+LAG,35,0,test,121,0.0036997217864584517,0.005509342035922626,-0.05810432551536615
GLD,ALL_NO_MACRO,43,0,test,121,0.003606486930739818,0.005379236130611353,-0.008719081840588672
GLD,ALL_NO_REGIME,48,0,test,121,0.0036257422401996683,0.00534018417844854,0.005873867252378484
GLD,ALL_FULL,56,0,test,121,0.0035867601326391,0.005224046893050517,0.04864380138109259
GLD,PRICE_ONLY,5,1,test,121,0.004200553218851251,0.004979972465888524,-0.48839791043643954
GLD,PRICE+TECH,30,1,test,121,0.004026117425951783,0.004943266243446947,-0.46653750062340404
GLD,PRICE+TECH+LAG,35,1,test,121,0.004126304358806012,0.005032611644934889,-0.5200294589627019
GLD,ALL_NO_MACRO,43,1,test,121,0.003365300358896685,0.004225064508565411,-0.07135119128107448
GLD,ALL_NO_REGIME,48,1,test,121,0.003463982465625772,0.004337467622229245,-0.12911365708693334
GLD,ALL_FULL,56,1,test,121,0.0033020858055440526,0.004153169264246241,-0.03520040010499792
GLD,PRICE_ONLY,5,2,test,121,0.0026052511947327788,0.0032845891380681117,-0.12620718635104256
GLD,PRICE+TECH,30,2,test,121,0.002662342821558876,0.003342962635815398,-0.16659264651131256
GLD,PRICE+TECH+LAG,35,2,test,121,0.002589872301034411,0.0032829021223762813,-0.12505060864874928
GLD,ALL_NO_MACRO,43,2,test,121,0.0025572158645350896,0.003202726043604182,-0.07076895774239467
GLD,ALL_NO_REGIME,48,2,test,121,0.002634570025196845,0.0032834381770131564,-0.12541805051037702
GLD,ALL_FULL,56,2,test,121,0.0025703974546947366,0.0032284371297037575,-0.08802996523174755
GLD,PRICE_ONLY,5,3,test,121,0.0025315282136013514,0.003199773365845651,-0.11629086932302624
GLD,PRICE+TECH,30,3,test,121,0.002768458824290213,0.0034007494300491905,-0.2609219417667561
GLD,PRICE+TECH+LAG,35,3,test,121,0.002735054095751443,0.003373053566928867,-0.24046755798663977
GLD,ALL_NO_MACRO,43,3,test,121,0.0027060524311096966,0.003320493058846654,-0.20210966158305288
GLD,ALL_NO_REGIME,48,3,test,121,0.002655193013636745,0.0032823876652956527,-0.17467757532363049
GLD,ALL_FULL,56,3,test,121,0.0026535916206961744,0.00326330848665322,-0.1610614214598276
GLD,PRICE_ONLY,5,4,test,121,0.0018774841017331692,0.002415310185646313,-0.03807627350395726
GLD,PRICE+TECH,30,4,test,121,0.00216329953280534,0.0026312522319988773,-0.23199345975056973
GLD,PRICE+TECH+LAG,35,4,test,121,0.0021646371647356345,0.002634781850187388,-0.23530092152400384
GLD,ALL_NO_MACRO,43,4,test,121,0.0023643697760421067,0.0028593216123895663,-0.45482063700236486
GLD,ALL_NO_REGIME,48,4,test,121,0.002190720758197088,0.0026676619598946373,-0.26632456294543094
GLD,ALL_FULL,56,4,test,121,0.002305157837651902,0.0028020754142964494,-0.39715013913306496
GLD,PRICE_ONLY,5,5,test,121,0.0022917083122255357,0.0029713905368861943,0.1799065696915293
GLD,PRICE+TECH,30,5,test,121,0.0023898865855294152,0.0030183973095447205,0.1537539176150473
GLD,PRICE+TECH+LAG,35,5,test,121,0.0023759550465694496,0.002982767995558072,0.17361426822874182
GLD,ALL_NO_MACRO,43,5,test,121,0.0024950458709337123,0.0031248033538926537,0.09303767872388291
GLD,ALL_NO_REGIME,48,5,test,121,0.0023026628560897495,0.002973018580554427,0.17900765474380487
GLD,ALL_FULL,56,5,test,121,0.0024481787843291377,0.0031494513409191876,0.0786732796572881
GLD,PRICE_ONLY,5,6,test,121,0.002608196402519858,0.0032897974534243668,0.08430124239641079
GLD,PRICE+TECH,30,6,test,121,0.0022517091991150298,0.0030704537186050343,0.20233705805735203
GLD,PRICE+TECH+LAG,35,6,test,121,0.0022801518602086853,0.003098600011944114,0.1876459664388278
GLD,ALL_NO_MACRO,43,6,test,121,0.002303902760726102,0.0030739454872888827,0.2005217965656394
GLD,ALL_NO_REGIME,48,6,test,121,0.0022183475793337375,0.0030635502352469217,0.20591989165912306
GLD,ALL_FULL,56,6,test,121,0.002208324226981852,0.0030345119352845097,0.22090215201014207
GLD,PRICE_ONLY,5,7,test,121,0.0020053783036858785,0.0026007107743009393,-0.03808091541133396
GLD,PRICE+TECH,30,7,test,121,0.0018016825078169141,0.0024352907673856907,0.08977504595693908
GLD,PRICE+TECH+LAG,35,7,test,121,0.001810725381848174,0.002447431166957004,0.08067712695192453
GLD,ALL_NO_MACRO,43,7,test,121,0.00177657407275194,0.0024212357415959278,0.1002512633888536
GLD,ALL_NO_REGIME,48,7,test,121,0.0018009108663528679,0.0025177588712005836,0.027083961507722853
GLD,ALL_FULL,56,7,test,121,0.001808148043426681,0.0024983225121288427,0.0420472338635246
GLD,PRICE_ONLY,5,8,test,121,0.0023458923224373924,0.002844304522039835,-0.011122205564723986
GLD,PRICE+TECH,30,8,test,121,0.002463024797569626,0.0031260735171143037,-0.22137728615932506
GLD,PRICE+TECH+LAG,35,8,test,121,0.002470948253121295,0.003149251729470751,-0.23955618789559163
GLD,ALL_NO_MACRO,43,8,test,121,0.0024110161400763487,0.0031268246916521733,-0.22196433425280282
GLD,ALL_NO_REGIME,48,8,test,121,0.002359733172661074,0.003071284387801523,-0.17893952723314754
GLD,ALL_FULL,56,8,test,121,0.002323286977873198,0.0030219441500632916,-0.14136442509019775
GLD,PRICE_ONLY,5,9,test,121,0.0030879675258549534,0.0035874260668531306,-0.0465345250378324
GLD,PRICE+TECH,30,9,test,121,0.0033080940470764622,0.0038568919342696546,-0.20965794573100793
GLD,PRICE+TECH+LAG,35,9,test,121,0.0032992509387718013,0.003840336290577914,-0.19929536144511584
GLD,ALL_NO_MACRO,43,9,test,121,0.003218053127461905,0.003737669925292398,-0.13602930196044438
GLD,ALL_NO_REGIME,48,9,test,121,0.0031426135999256958,0.0037487010703972784,-0.14274482098768249
GLD,ALL_FULL,56,9,test,121,0.0031210669194232546,0.0036844334608926135,-0.10389833128671766
GLD,PRICE_ONLY,5,10,test,121,0.0031053057245655504,0.0036583655603071056,-0.46269491187207357
GLD,PRICE+TECH,30,10,test,121,0.00343551446294919,0.0039639667713962145,-0.7172738681956685
GLD,PRICE+TECH+LAG,35,10,test,121,0.003383969716421986,0.0039019832778637896,-0.6639886454757478
GLD,ALL_NO_MACRO,43,10,test,121,0.0029749367549693644,0.0034749268541450777,-0.3196868382158091
GLD,ALL_NO_REGIME,48,10,test,121,0.0027318157649247193,0.0032477164294275624,-0.15275165750452802
GLD,ALL_FULL,56,10,test,121,0.002661444865253775,0.003172477744008794,-0.09995956057272082
GLD,PRICE_ONLY,5,11,test,121,0.0037286274587791297,0.0042148642028275694,-1.915728192324452
GLD,PRICE+TECH,30,11,test,121,0.00439072056514348,0.004826906948581226,-2.8239985233962797
GLD,PRICE+TECH+LAG,35,11,test,121,0.004497503855708666,0.0049310130651319,-2.990728374639024
GLD,ALL_NO_MACRO,43,11,test,121,0.0038436238913037097,0.004352019019800962,-2.1085755862607396
GLD,ALL_NO_REGIME,48,11,test,121,0.0034031898494816283,0.0038863259772074954,-1.4788960390908716
GLD,ALL_FULL,56,11,test,121,0.003217298542786648,0.003724636263699701,-1.276919083702217
GLD,PRICE_ONLY,5,12,test,121,0.004214731448128361,0.004670618742583283,-1.5632108038354668
GLD,PRICE+TECH,30,12,test,121,0.004429005238202805,0.004765373530464266,-1.6682676187258538
GLD,PRICE+TECH+LAG,35,12,test,121,0.004522181013948456,0.004855448023345587,-1.7700914595256299
GLD,ALL_NO_MACRO,43,12,test,121,0.004040725140921958,0.004404999011219504,-1.2799594341701765
GLD,ALL_NO_REGIME,48,12,test,121,0.0037706378344776886,0.004119635847787821,-0.9941285281873877
GLD,ALL_FULL,56,12,test,121,0.0036039539208952576,0.003966087212573369,-0.8482469971709963
GLD,PRICE_ONLY,5,13,test,121,0.003713558985293971,0.004263793349084749,-1.2335945653760665
GLD,PRICE+TECH,30,13,test,121,0.0036815303592432794,0.004129830831943235,-1.0954464807461641
GLD,PRICE+TECH+LAG,35,13,test,121,0.00380571865465633,0.004260238273657664,-1.2298714549253869
GLD,ALL_NO_MACRO,43,13,test,121,0.0032750726757505184,0.003706812953823467,-0.6881591720198572
GLD,ALL_NO_REGIME,48,13,test,121,0.0031296289532331367,0.0035740057246810993,-0.5693598451449484
GLD,ALL_FULL,56,13,test,121,0.0031245262265824627,0.0035671273503898714,-0.5633250159956691
GLD,PRICE_ONLY,5,14,test,121,0.002559704387145769,0.003346507016474381,-0.05997731692907693
GLD,PRICE+TECH,30,14,test,121,0.0026167272606362644,0.0034946206777013017,-0.15588113692690664
GLD,PRICE+TECH+LAG,35,14,test,121,0.002612948355977877,0.003480528476504497,-0.1465776569829873
GLD,ALL_NO_MACRO,43,14,test,121,0.002692115474989252,0.0035638043476812365,-0.20210055722601838
GLD,ALL_NO_REGIME,48,14,test,121,0.0025338508518856456,0.0033848790556845693,-0.08442470526884116
GLD,ALL_FULL,56,14,test,121,0.0025624907028586373,0.0034467796308420046,-0.12444994453896907
GLD,PRICE_ONLY,5,15,test,121,0.0022023898224034287,0.00296922717012554,-0.08667711616880158
GLD,PRICE+TECH,30,15,test,121,0.0026465390506080636,0.0035196213370494115,-0.526882274407924
GLD,PRICE+TECH+LAG,35,15,test,121,0.0026218253725121456,0.003502887387365125,-0.5123977441311764
GLD,ALL_NO_MACRO,43,15,test,121,0.002569858436331356,0.003483307327264841,-0.49553732463002964
GLD,ALL_NO_REGIME,48,15,test,121,0.0025806404993775353,0.003449436448385994,-0.46659420863806833
GLD,ALL_FULL,56,15,test,121,0.0025535286913408754,0.0034509224964086216,-0.4678581245937268
GLD,PRICE_ONLY,5,16,test,121,0.0021534724325947396,0.00300653959905422,-0.08133973746239698
GLD,PRICE+TECH,30,16,test,121,0.0024028174242509645,0.00327041083845861,-0.27947832500650427
GLD,PRICE+TECH+LAG,35,16,test,121,0.002392024625556514,0.0032668753464803178,-0.27671344899741057
GLD,ALL_NO_MACRO,43,16,test,121,0.0023262042864276265,0.003196799013995928,-0.22252844130041494
GLD,ALL_NO_REGIME,48,16,test,121,0.0023192466330880664,0.0032163167554200805,-0.23750206608583713
GLD,ALL_FULL,56,16,test,121,0.002319957753976114,0.00321322516263977,-0.23512418231497367
GLD,PRICE_ONLY,5,17,test,121,0.0030637091912626368,0.004043678438015887,0.19375434978425943
GLD,PRICE+TECH,30,17,test,121,0.0027429245221451985,0.0039576364662899915,0.22770013642341413
GLD,PRICE+TECH+LAG,35,17,test,121,0.0027584053178225233,0.003988279058887772,0.21569454357383977
GLD,ALL_NO_MACRO,43,17,test,121,0.0027641985764650123,0.0038923496109214664,0.25297034329586066
GLD,ALL_NO_REGIME,48,17,test,121,0.0027554651862104315,0.003925568769422544,0.24016492059388572
GLD,ALL_FULL,56,17,test,121,0.0027668512780832026,0.003930451086275291,0.23827369780088214
GLD,PRICE_ONLY,5,18,test,121,0.003563856885966648,0.004496169419155207,0.07959214005075688
GLD,PRICE+TECH,30,18,test,121,0.0033568334207580964,0.004209874206917996,0.1930749049095256
GLD,PRICE+TECH+LAG,35,18,test,121,0.0033842156396301413,0.004241886614780647,0.1807563284418131
GLD,ALL_NO_MACRO,43,18,test,121,0.003318678411611935,0.004150480420516187,0.2156828295202955
GLD,ALL_NO_REGIME,48,18,test,121,0.0033775534180313653,0.0042248711364659955,0.1873156100953527
GLD,ALL_FULL,56,18,test,121,0.0033504475885290505,0.004199507639806088,0.19704402300143353
GLD,PRICE_ONLY,5,19,test,121,0.0036030246167896036,0.005900357267425046,0.01474580952362703
GLD,PRICE+TECH,30,19,test,121,0.003224775256324913,0.004691180536304698,0.3771894421289613
GLD,PRICE+TECH+LAG,35,19,test,121,0.003218715758308991,0.004712784510260157,0.37143985944469515
GLD,ALL_NO_MACRO,43,19,test,121,0.003288764642604412,0.004773023960645158,0.3552684815858572
GLD,ALL_NO_REGIME,48,19,test,121,0.0033614044416927316,0.004968181752175952,0.30146748972717463
GLD,ALL_FULL,56,19,test,121,0.0034068018723263024,0.0049861586398495476,0.29640319858560726
GLD,PRICE_ONLY,5,20,test,121,0.006157235129300636,0.011009528802523084,0.05760057693951337
GLD,PRICE+TECH,30,20,test,121,0.005649690115011809,0.009794969000577077,0.25406037249353675
GLD,PRICE+TECH+LAG,35,20,test,121,0.0056444939218198925,0.009871004946684348,0.24243432851912528
GLD,ALL_NO_MACRO,43,20,test,121,0.005580058595072215,0.009994504678350355,0.2233593844843813
GLD,ALL_NO_REGIME,48,20,test,121,0.005559923414903724,0.010111062939418825,0.20513902481211754
GLD,ALL_FULL,56,20,test,121,0.005581847824986401,0.010131012266680674,0.20199937770543863
GLD,PRICE_ONLY,5,21,test,121,0.007560236118180835,0.010759086668571817,0.025065188408271988
GLD,PRICE+TECH,30,21,test,121,0.006710136812888875,0.010028844437025905,0.1529158501891732
GLD,PRICE+TECH+LAG,35,21,test,121,0.00670222824114082,0.010029368573948396,0.15282730565461133
GLD,ALL_NO_MACRO,43,21,test,121,0.006697790628752325,0.01043867625580226,0.08226853247834731
GLD,ALL_NO_REGIME,48,21,test,121,0.006688783433686263,0.010370341995840367,0.09424461700562725
GLD,ALL_FULL,56,21,test,121,0.006814602003540551,0.010666961340532669,0.04168958485053775
^GSPC,PRICE_ONLY,5,0,test,121,0.003710232849490727,0.005182291292520262,-0.43213409365117283
^GSPC,PRICE+TECH,30,0,test,121,0.0028415921866772253,0.004157125561549287,0.07843424835292312
^GSPC,PRICE+TECH+LAG,35,0,test,121,0.002872486714095643,0.004157237956235582,0.07838441560563769
^GSPC,ALL_NO_MACRO,43,0,test,121,0.002979236656105303,0.003987035184609465,0.15230391224570927
^GSPC,ALL_NO_REGIME,48,0,test,121,0.002961892169201953,0.004060228800052855,0.12089437843021822
^GSPC,ALL_FULL,56,0,test,121,0.0031685079507586447,0.004051530840063121,0.12465684388875575
^GSPC,PRICE_ONLY,5,1,test,121,0.008985275842600894,0.011624497704831387,-10.74767706143658
^GSPC,PRICE+TECH,30,1,test,121,0.003311084555233077,0.004185305876148086,-0.5228531067873752
^GSPC,PRICE+TECH+LAG,35,1,test,121,0.0033032088295213455,0.0041601487723162845,-0.5046009474699227
^GSPC,ALL_NO_MACRO,43,1,test,121,0.0043683060166900866,0.005509448092596429,-1.638880954356459
^GSPC,ALL_NO_REGIME,48,1,test,121,0.005694223906549625,0.006840337714521476,-3.0677915977151953
^GSPC,ALL_FULL,56,1,test,121,0.006661026900952544,0.00800334717169898,-4.568611498447883
^GSPC,PRICE_ONLY,5,2,test,121,0.00541040212162249,0.007340314595928386,-3.328008363530702
^GSPC,PRICE+TECH,30,2,test,121,0.003075660756767597,0.0035915436626763274,-0.03614621594228851
^GSPC,PRICE+TECH+LAG,35,2,test,121,0.003132068595850024,0.003628207296475132,-0.05740882076900378
^GSPC,ALL_NO_MACRO,43,2,test,121,0.0035135727424874864,0.004104732926545573,-0.3534074238240468
^GSPC,ALL_NO_REGIME,48,2,test,121,0.003478183023675806,0.00403651115823695,-0.3087932873000432
^GSPC,ALL_FULL,56,2,test,121,0.003689373639790116,0.004291691322376902,-0.4795024892621813
^GSPC,PRICE_ONLY,5,3,test,121,0.005989355012648545,0.007159897639872778,-4.329959167065084
^GSPC,PRICE+TECH,30,3,test,121,0.003759464930808977,0.004219316363471581,-0.8509489233996104
^GSPC,PRICE+TECH+LAG,35,3,test,121,0.003898270842419544,0.0043805035090598325,-0.9950708351134923
^GSPC,ALL_NO_MACRO,43,3,test,121,0.0037357650450701558,0.004228433431169565,-0.8589565991070154
^GSPC,ALL_NO_REGIME,48,3,test,121,0.0036491899493729025,0.004119330187860403,-0.7642635592392979
^GSPC,ALL_FULL,56,3,test,121,0.00375288834386721,0.004260516684438519,-0.887273298863827
^GSPC,PRICE_ONLY,5,4,test,121,0.003248500986610762,0.004065110500978839,-0.34490473891268114
^GSPC,PRICE+TECH,30,4,test,121,0.0037389363598860394,0.004304291031795965,-0.5078219783765032
^GSPC,PRICE+TECH+LAG,35,4,test,121,0.0037561137972327977,0.004339861062966531,-0.5328457897960976
^GSPC,ALL_NO_MACRO,43,4,test,121,0.0035152959587746785,0.00406913878269546,-0.3475715001017827
^GSPC,ALL_NO_REGIME,48,4,test,121,0.003487660387517971,0.004006213591387209,-0.30621604163285254
^GSPC,ALL_FULL,56,4,test,121,0.003389996342215321,0.003919429408165372,-0.250237458789881
^GSPC,PRICE_ONLY,5,5,test,121,0.004497761225728906,0.005571150184193316,-0.736085104025237
^GSPC,PRICE+TECH,30,5,test,121,0.003571978624768704,0.004494860026755357,-0.1300915370326945
^GSPC,PRICE+TECH+LAG,35,5,test,121,0.0037226778037936607,0.004772235602738808,-0.27386976948068
^GSPC,ALL_NO_MACRO,43,5,test,121,0.003450735052217365,0.0044016978973654445,-0.08373161511321392
^GSPC,ALL_NO_REGIME,48,5,test,121,0.003441319209670098,0.004360095885500112,-0.06334295718577732
^GSPC,ALL_FULL,56,5,test,121,0.00336313112156411,0.004268949070610259,-0.019349761844576818
^GSPC,PRICE_ONLY,5,6,test,121,0.007103803094081043,0.008343048761693148,-2.398054806709353
^GSPC,PRICE+TECH,30,6,test,121,0.0045777923060907845,0.006269253653855026,-0.9187239608116602
^GSPC,PRICE+TECH+LAG,35,6,test,121,0.004972608252894172,0.006825297725559825,-1.2741757089246688
^GSPC,ALL_NO_MACRO,43,6,test,121,0.00466200371527575,0.006181014250749962,-0.865092197762094
^GSPC,ALL_NO_REGIME,48,6,test,121,0.004702232164814614,0.006313846371235096,-0.9461165069935695
^GSPC,ALL_FULL,56,6,test,121,0.0046166204099993184,0.006072922032383643,-0.8004299401813415
^GSPC,PRICE_ONLY,5,7,test,121,0.006966056954414349,0.008224719318875705,-1.9245845329608948
^GSPC,PRICE+TECH,30,7,test,121,0.005235661468420988,0.0068273572242358365,-1.0152422545096464
^GSPC,PRICE+TECH+LAG,35,7,test,121,0.0055629323839417105,0.007217539174121011,-1.252165526487774
^GSPC,ALL_NO_MACRO,43,7,test,121,0.005169250349243854,0.006563739783403312,-0.8626219545366063
^GSPC,ALL_NO_REGIME,48,7,test,121,0.005313080252271638,0.006887646167313465,-1.0509905712039052
^GSPC,ALL_FULL,56,7,test,121,0.005129220687539655,0.006500706798927605,-0.8270194217528304
^GSPC,PRICE_ONLY,5,8,test,121,0.0061152153277808045,0.007649441786329196,-1.3834275413161121
^GSPC,PRICE+TECH,30,8,test,121,0.003923857452176234,0.005224202205723579,-0.11168673113121064
^GSPC,PRICE+TECH+LAG,35,8,test,121,0.003947460788340829,0.005282549111295069,-0.1366573178556154
^GSPC,ALL_NO_MACRO,43,8,test,121,0.004111031228550116,0.005471527675416883,-0.21943783660316152
^GSPC,ALL_NO_REGIME,48,8,test,121,0.00401624598402465,0.005412367380443051,-0.19321032173206065
^GSPC,ALL_FULL,56,8,test,121,0.004138218172850074,0.005486572689605773,-0.22615321270932975
^GSPC,PRICE_ONLY,5,9,test,121,0.0038961474859691776,0.005393881867678417,-0.6338565859304919
^GSPC,PRICE+TECH,30,9,test,121,0.002789423112183222,0.004024618301603899,0.09037902274857001
^GSPC,PRICE+TECH+LAG,35,9,test,121,0.002810983011275896,0.00401847120989453,0.09315556103333889
^GSPC,ALL_NO_MACRO,43,9,test,121,0.002893286777171656,0.004129976162286553,0.042130904113309775
^GSPC,ALL_NO_REGIME,48,9,test,121,0.002867171773834708,0.004050685086126331,0.07855793662793886
^GSPC,ALL_FULL,56,9,test,121,0.0029512548909136735,0.0040773088830575585,0.06640547001631403
^GSPC,PRICE_ONLY,5,10,test,121,0.0021387406225799478,0.0028165762300313996,-0.13870902007789043
^GSPC,PRICE+TECH,30,10,test,121,0.0018953566554756227,0.0024594882238780395,0.1317211224027306
^GSPC,PRICE+TECH+LAG,35,10,test,121,0.0018818442386683062,0.0024543607137223226,0.13533770236394604
^GSPC,ALL_NO_MACRO,43,10,test,121,0.0018760734508664974,0.0024000756640586737,0.17316356092452434
^GSPC,ALL_NO_REGIME,48,10,test,121,0.001989907038862445,0.002594115090874277,0.03406429097213037
^GSPC,ALL_FULL,56,10,test,121,0.0019916650460662286,0.002590539214052712,0.036725457767085135
^GSPC,PRICE_ONLY,5,11,test,121,0.0018141982569801268,0.002372921653533763,-0.8154888410467926
^GSPC,PRICE+TECH,30,11,test,121,0.0018034985768824465,0.0022684731790320626,-0.659182210650131
^GSPC,PRICE+TECH+LAG,35,11,test,121,0.0017894387299611833,0.0022562018921686595,-0.641280097798347
^GSPC,ALL_NO_MACRO,43,11,test,121,0.0016186558843876311,0.002007701208664639,-0.29964561532276335
^GSPC,ALL_NO_REGIME,48,11,test,121,0.0017442877328979747,0.002191659620843737,-0.548720323592983
^GSPC,ALL_FULL,56,11,test,121,0.0016653736614082246,0.0021091133969335435,-0.43425590185847796
^GSPC,PRICE_ONLY,5,12,test,121,0.002041842119168742,0.002570953612951985,-0.4189568061421185
^GSPC,PRICE+TECH,30,12,test,121,0.00231841115641214,0.002749508586059463,-0.6228966142774213
^GSPC,PRICE+TECH+LAG,35,12,test,121,0.0022780621619826456,0.002710763966164085,-0.5774808716928388
^GSPC,ALL_NO_MACRO,43,12,test,121,0.002047356203367375,0.0024276529305513016,-0.26518457856970734
^GSPC,ALL_NO_REGIME,48,12,test,121,0.0022584969876547974,0.002673561739765768,-0.534479634756913
^GSPC,ALL_FULL,56,12,test,121,0.002126869288474082,0.0025449223434735055,-0.3903679981721444
^GSPC,PRICE_ONLY,5,13,test,121,0.002306990784512299,0.002774163290415351,-0.5131871964337862
^GSPC,PRICE+TECH,30,13,test,121,0.0021920657919021727,0.0025408358983308784,-0.26935135309620106
^GSPC,PRICE+TECH+LAG,35,13,test,121,0.002170952316641279,0.0025240785139973273,-0.2526632506106661
^GSPC,ALL_NO_MACRO,43,13,test,121,0.0021075074639244134,0.0024172950667659767,-0.1489151289638364
^GSPC,ALL_NO_REGIME,48,13,test,121,0.002164479556827694,0.002486403723581304,-0.21554743669168186
^GSPC,ALL_FULL,56,13,test,121,0.0021045443962454343,0.0023986495683802267,-0.13125946319835968
^GSPC,PRICE_ONLY,5,14,test,121,0.0024984672199760928,0.0030002064924087497,-0.3325622972813276
^GSPC,PRICE+TECH,30,14,test,121,0.0020538450274479167,0.0024901607510230466,0.0820056765489513
^GSPC,PRICE+TECH+LAG,35,14,test,121,0.0020550047570521463,0.0024971942121715315,0.07681260148239732
^GSPC,ALL_NO_MACRO,43,14,test,121,0.0018211252290346442,0.0021918256672749646,0.2887909976697097
^GSPC,ALL_NO_REGIME,48,14,test,121,0.0019657071787354922,0.0023749770225094183,0.16496620395471473
^GSPC,ALL_FULL,56,14,test,121,0.0018485242700484101,0.0022327484388838087,0.26198563165940414
^GSPC,PRICE_ONLY,5,15,test,121,0.0027351739959413524,0.0034838084475069682,-0.026023200328284313
^GSPC,PRICE+TECH,30,15,test,121,0.0026967285383020217,0.003501899374739586,-0.03670685616862679
^GSPC,PRICE+TECH+LAG,35,15,test,121,0.0026752748291467253,0.0034918924024063113,-0.030790367426113407
^GSPC,ALL_NO_MACRO,43,15,test,121,0.002539558737551982,0.003340211650507167,0.05681557989415076
^GSPC,ALL_NO_REGIME,48,15,test,121,0.0026474133481682134,0.003457520729967121,-0.010597525745676073
^GSPC,ALL_FULL,56,15,test,121,0.0026132176184659336,0.003400725237288682,0.02233124915811957
^GSPC,PRICE_ONLY,5,16,test,121,0.002395838453572831,0.0030518354496511676,-0.12071892042814336
^GSPC,PRICE+TECH,30,16,test,121,0.002589935847602852,0.0034450747233475743,-0.4281432429230374
^GSPC,PRICE+TECH+LAG,35,16,test,121,0.0025675809929517845,0.0034202903579340616,-0.4076686197519497
^GSPC,ALL_NO_MACRO,43,16,test,121,0.0024820458397285215,0.0033079896168396183,-0.3167482581626593
^GSPC,ALL_NO_REGIME,48,16,test,121,0.002515103408223802,0.0033309202363201685,-0.3350666369973876
^GSPC,ALL_FULL,56,16,test,121,0.002532350347550446,0.0033219234624197757,-0.32786438017443476
^GSPC,PRICE_ONLY,5,17,test,121,0.004893118007896301,0.009262243053187303,-0.022585727588745552
^GSPC,PRICE+TECH,30,17,test,121,0.005316176795725493,0.008727321804247125,0.0921180943396821
^GSPC,PRICE+TECH+LAG,35,17,test,121,0.005312717652700418,0.008720539166419626,0.09352870837304661
^GSPC,ALL_NO_MACRO,43,17,test,121,0.004871476091979324,0.008155173921573135,0.20725440892346647
^GSPC,ALL_NO_REGIME,48,17,test,121,0.0050058564846593235,0.00830529218187797,0.17780049373347984
^GSPC,ALL_FULL,56,17,test,121,0.004807567372742458,0.008047595752327991,0.2280313107684805
^GSPC,PRICE_ONLY,5,18,test,121,0.005403626525409746,0.009451499106225416,-0.03173758734064447
^GSPC,PRICE+TECH,30,18,test,121,0.005640895272455718,0.008877401640184666,0.08979420611941002
^GSPC,PRICE+TECH+LAG,35,18,test,121,0.005671549377844749,0.008912491573052564,0.08258439751300639
^GSPC,ALL_NO_MACRO,43,18,test,121,0.005142012025087671,0.008274933638682813,0.20914494176173082
^GSPC,ALL_NO_REGIME,48,18,test,121,0.005268167652276077,0.008290764536070038,0.20611605431243907
^GSPC,ALL_FULL,56,18,test,121,0.005116051139753495,0.008184021401936246,0.226426880423239
^GSPC,PRICE_ONLY,5,19,test,121,0.003083720639246114,0.0035840273142902688,-0.5581650302830297
^GSPC,PRICE+TECH,30,19,test,121,0.002584213379066576,0.003200571320037404,-0.24258426615074402
^GSPC,PRICE+TECH+LAG,35,19,test,121,0.0025966782062906146,0.003217407005880589,-0.25569116328272146
^GSPC,ALL_NO_MACRO,43,19,test,121,0.002434395859503558,0.002989333378410719,-0.08397567001292683
^GSPC,ALL_NO_REGIME,48,19,test,121,0.002613931322563397,0.003172776033343747,-0.2210955940887509
^GSPC,ALL_FULL,56,19,test,121,0.002455897499509237,0.003009703814828514,-0.09879923697887372
^GSPC,PRICE_ONLY,5,20,test,121,0.0031996396918003043,0.003675722440633631,-0.5708060163082898
^GSPC,PRICE+TECH,30,20,test,121,0.002736332481725177,0.003249746926382562,-0.22782428752759598
^GSPC,PRICE+TECH+LAG,35,20,test,121,0.002711514238423416,0.0032445897160538386,-0.22393036974519687
^GSPC,ALL_NO_MACRO,43,20,test,121,0.002758942312180913,0.003273805858755259,-0.24607154788573982
^GSPC,ALL_NO_REGIME,48,20,test,121,0.0027185323689514337,0.0032824477563771657,-0.25265876531247944
^GSPC,ALL_FULL,56,20,test,121,0.002721330807380841,0.003264195549935845,-0.2387665601699076
^GSPC,PRICE_ONLY,5,21,test,121,0.003187907652539285,0.003919793785708651,-0.6862344437983632
^GSPC,PRICE+TECH,30,21,test,121,0.00253644683837158,0.0031892519373379635,-0.11626979161263651
^GSPC,PRICE+TECH+LAG,35,21,test,121,0.002558460120758622,0.0032022901699864425,-0.1254154693984968
^GSPC,ALL_NO_MACRO,43,21,test,121,0.0027714490650305275,0.003349115036019575,-0.23098184002727384
^GSPC,ALL_NO_REGIME,48,21,test,121,0.0027272156078362677,0.0033554791588824764,-0.23566460723113147
^GSPC,ALL_FULL,56,21,test,121,0.002836833901730408,0.003406253568594086,-0.2733431761595462
^IXIC,PRICE_ONLY,5,0,test,121,0.005092714844560302,0.006935545891249757,-0.31058870595633215
^IXIC,PRICE+TECH,30,0,test,121,0.004360946509961327,0.005910824351162088,0.048078295144327265
^IXIC,PRICE+TECH+LAG,35,0,test,121,0.0043681230348237374,0.005913135222882439,0.04733383081131326
^IXIC,ALL_NO_MACRO,43,0,test,121,0.004481890560011833,0.005593914563481988,0.1474167822345096
^IXIC,ALL_NO_REGIME,48,0,test,121,0.004517389097991071,0.005659251871111185,0.12738400792753146
^IXIC,ALL_FULL,56,0,test,121,0.004711306400150049,0.005729568065351693,0.10556478872502983
^IXIC,PRICE_ONLY,5,1,test,121,0.026328746909118024,0.027292898304895754,-24.70785795301337
^IXIC,PRICE+TECH,30,1,test,121,0.010916294060305077,0.0121978045393367,-4.134875489176414
^IXIC,PRICE+TECH+LAG,35,1,test,121,0.010256288335062777,0.01142805399354365,-3.50724478382896
^IXIC,ALL_NO_MACRO,43,1,test,121,0.009514440812610703,0.01048073127405513,-2.790964776457878
^IXIC,ALL_NO_REGIME,48,1,test,121,0.011214115686722004,0.012224118100511553,-4.157053676972649
^IXIC,ALL_FULL,56,1,test,121,0.009292018228246015,0.010402232529859173,-2.7343901855328117
^IXIC,PRICE_ONLY,5,2,test,121,0.006354881118582814,0.007126598042391643,-0.825195395111797
^IXIC,PRICE+TECH,30,2,test,121,0.005758880471346745,0.006623280887957096,-0.5764898646789924
^IXIC,PRICE+TECH+LAG,35,2,test,121,0.005869062121612139,0.006691999115511115,-0.6093725357906936
^IXIC,ALL_NO_MACRO,43,2,test,121,0.005199847020271304,0.006084543389691216,-0.33045693277703214
^IXIC,ALL_NO_REGIME,48,2,test,121,0.004865939641626594,0.005666750595983556,-0.15401919854847335
^IXIC,ALL_FULL,56,2,test,121,0.004943284318221408,0.005728735129221917,-0.1794032542792885
^IXIC,PRICE_ONLY,5,3,test,121,0.008187183698940451,0.008773933687287938,-5.3572598101440425
^IXIC,PRICE+TECH,30,3,test,121,0.00544445308956592,0.006032030904679467,-2.004750257786582
^IXIC,PRICE+TECH+LAG,35,3,test,121,0.005839015626958988,0.006430391728745415,-2.4147280784841505
^IXIC,ALL_NO_MACRO,43,3,test,121,0.005322429437587445,0.0059318236996276094,-1.905746577104769
^IXIC,ALL_NO_REGIME,48,3,test,121,0.004991818543179275,0.005533904807933386,-1.5289755686342579
^IXIC,ALL_FULL,56,3,test,121,0.005085750636690782,0.0056775256586476695,-1.6619474421619964
^IXIC,PRICE_ONLY,5,4,test,121,0.004161663227015593,0.00474998020324071,-0.03066942025080932
^IXIC,PRICE+TECH,30,4,test,121,0.004520262013770016,0.0051823011814273925,-0.2268206866445146
^IXIC,PRICE+TECH+LAG,35,4,test,121,0.004642986928918687,0.005362999819422899,-0.31386685348412646
^IXIC,ALL_NO_MACRO,43,4,test,121,0.004167677709799143,0.004840305078564362,-0.07024020733485647
^IXIC,ALL_NO_REGIME,48,4,test,121,0.0038331410917600613,0.004481273015542208,0.08264253650086129
^IXIC,ALL_FULL,56,4,test,121,0.0037664170401033184,0.004397660560310629,0.11655564310337119
^IXIC,PRICE_ONLY,5,5,test,121,0.006197077387848228,0.007417836262023809,-0.9376447724340793
^IXIC,PRICE+TECH,30,5,test,121,0.004077838705397752,0.005032688556202722,0.10809256102530074
^IXIC,PRICE+TECH+LAG,35,5,test,121,0.004061255102715006,0.0049776939337933075,0.12747866653545736
^IXIC,ALL_NO_MACRO,43,5,test,121,0.0036602802103137136,0.004414866759802899,0.3136353972593452
^IXIC,ALL_NO_REGIME,48,5,test,121,0.0037617810512330873,0.004544729460446446,0.27266288972286357
^IXIC,ALL_FULL,56,5,test,121,0.00368858063666293,0.004460788046008202,0.29928268023326166
^IXIC,PRICE_ONLY,5,6,test,121,0.008701687319346696,0.010369743210746681,-2.565476859416969
^IXIC,PRICE+TECH,30,6,test,121,0.005215388837538539,0.007035862624677966,-0.6414071495564506
^IXIC,PRICE+TECH+LAG,35,6,test,121,0.005354822642536147,0.007211841849522995,-0.7245429183095908
^IXIC,ALL_NO_MACRO,43,6,test,121,0.004707564661290726,0.00618992633732074,-0.2704353799475876
^IXIC,ALL_NO_REGIME,48,6,test,121,0.004841071466146021,0.006426021706588297,-0.36919717593791357
^IXIC,ALL_FULL,56,6,test,121,0.004751395430900469,0.006202578965127455,-0.2756343996654145
^IXIC,PRICE_ONLY,5,7,test,121,0.0069647795532274525,0.008673317802271947,-1.1184390027486817
^IXIC,PRICE+TECH,30,7,test,121,0.005900214436141726,0.007704633894877616,-0.6716658016220407
^IXIC,PRICE+TECH+LAG,35,7,test,121,0.0058128885521023955,0.007597960629695075,-0.6256966907749171
^IXIC,ALL_NO_MACRO,43,7,test,121,0.005276191004551442,0.006767970527139968,-0.28991876772011094
^IXIC,ALL_NO_REGIME,48,7,test,121,0.005434818252390356,0.007124307649041671,-0.4293242916189841
^IXIC,ALL_FULL,56,7,test,121,0.005334727336419528,0.0069778937285057095,-0.37117897684021606
^IXIC,PRICE_ONLY,5,8,test,121,0.0053073162048758215,0.007155725790201494,-0.39428354832835444
^IXIC,PRICE+TECH,30,8,test,121,0.0049487364186238695,0.006347680141603687,-0.09716966721393039
^IXIC,PRICE+TECH+LAG,35,8,test,121,0.004955395706986396,0.006352485881634147,-0.09883159976902745
^IXIC,ALL_NO_MACRO,43,8,test,121,0.005019939972079305,0.006493148241539602,-0.14803296691311618
^IXIC,ALL_NO_REGIME,48,8,test,121,0.004957481351031435,0.0064289576315107915,-0.12544648859015806
^IXIC,ALL_FULL,56,8,test,121,0.005000134260333173,0.006556253056467128,-0.1704561264787674
^IXIC,PRICE_ONLY,5,9,test,121,0.003462440704348116,0.005235358247020707,0.06649009471891743
^IXIC,PRICE+TECH,30,9,test,121,0.0039149519299028455,0.005385417482527373,0.012209438648911108
^IXIC,PRICE+TECH+LAG,35,9,test,121,0.003867814828277913,0.005360835738615503,0.021206400525396574
^IXIC,ALL_NO_MACRO,43,9,test,121,0.0038941898793805785,0.0053548131543555595,0.023404399473589188
^IXIC,ALL_NO_REGIME,48,9,test,121,0.0039291806569561405,0.0053286307910899635,0.03293118175275611
^IXIC,ALL_FULL,56,9,test,121,0.0039643106250735055,0.005333466731803701,0.03117507974722533
^IXIC,PRICE_ONLY,5,10,test,121,0.0052309686080970075,0.0058734575914259615,-3.4031684466493184
^IXIC,PRICE+TECH,30,10,test,121,0.002576980340011405,0.003150260532275967,-0.2666906645427656
^IXIC,PRICE+TECH+LAG,35,10,test,121,0.0025922755876899082,0.0031878932642031305,-0.29713497523905485
^IXIC,ALL_NO_MACRO,43,10,test,121,0.0022667926938461677,0.0028037455491338945,-0.0033554631927468215
^IXIC,ALL_NO_REGIME,48,10,test,121,0.002444269829434354,0.0030109081538381736,-0.1571046556130693
^IXIC,ALL_FULL,56,10,test,121,0.0027204720986704033,0.003298159455794862,-0.388420196974236
^IXIC,PRICE_ONLY,5,11,test,121,0.004039463937237158,0.004707198099208618,-2.8115849596446862
^IXIC,PRICE+TECH,30,11,test,121,0.0026270699103942414,0.0031999815833430177,-0.7614714598273662
^IXIC,PRICE+TECH+LAG,35,11,test,121,0.0026641292610231817,0.0032517127717094137,-0.818884017291444
^IXIC,ALL_NO_MACRO,43,11,test,121,0.0020916823756605752,0.0026144195817068405,-0.17579396994004504
^IXIC,ALL_NO_REGIME,48,11,test,121,0.0022031816153000225,0.0027705032752216425,-0.32037711675285707
^IXIC,ALL_FULL,56,11,test,121,0.0023066331765515522,0.0028699456729792527,-0.41686347469797136
^IXIC,PRICE_ONLY,5,12,test,121,0.0038311846463841086,0.0044213637425103555,-1.2748802311989715
^IXIC,PRICE+TECH,30,12,test,121,0.0027998407572341045,0.0034794847692814924,-0.4088862327103464
^IXIC,PRICE+TECH+LAG,35,12,test,121,0.0027779564168949546,0.003452007075700314,-0.3867219827916737
^IXIC,ALL_NO_MACRO,43,12,test,121,0.0024543113699145333,0.003117245249908629,-0.13080570112547507
^IXIC,ALL_NO_REGIME,48,12,test,121,0.0025631008878551735,0.0032922745125006274,-0.2613573014178028
^IXIC,ALL_FULL,56,12,test,121,0.002579245717438634,0.003335309594125521,-0.2945485755750781
^IXIC,PRICE_ONLY,5,13,test,121,0.003193575012243688,0.0038107608305290083,-0.302798541488021
^IXIC,PRICE+TECH,30,13,test,121,0.002827686406905463,0.0033343398157052624,0.002590282103425934
^IXIC,PRICE+TECH+LAG,35,13,test,121,0.002847470753228181,0.003373282354691452,-0.020843734502690836
^IXIC,ALL_NO_MACRO,43,13,test,121,0.002602458257727895,0.003071712689094786,0.15352319526337677
^IXIC,ALL_NO_REGIME,48,13,test,121,0.0027007885537684777,0.0031893048549065713,0.08747253117439391
^IXIC,ALL_FULL,56,13,test,121,0.002598557725350509,0.003084451937125917,0.14648748580413307
^IXIC,PRICE_ONLY,5,14,test,121,0.003426722939440005,0.004104781100661913,-0.0790143376080985
^IXIC,PRICE+TECH,30,14,test,121,0.002807373521333972,0.003260548489734931,0.3191859058380131
^IXIC,PRICE+TECH+LAG,35,14,test,121,0.0027643680526262915,0.0032166450230816197,0.3373968682280377
^IXIC,ALL_NO_MACRO,43,14,test,121,0.0027721585957951123,0.0032982014112561174,0.30337098723067846
^IXIC,ALL_NO_REGIME,48,14,test,121,0.0028625693266788313,0.0033781299922224454,0.2691976651068013
^IXIC,ALL_FULL,56,14,test,121,0.002782534427706396,0.003350217497963089,0.2812245809188768
^IXIC,PRICE_ONLY,5,15,test,121,0.0037154476469590018,0.0046219604001095736,-0.021450985326242122
^IXIC,PRICE+TECH,30,15,test,121,0.0033816977638602905,0.004246153414209247,0.13790236490619168
^IXIC,PRICE+TECH+LAG,35,15,test,121,0.0033390652337027785,0.0042121037093437565,0.15167316983598034
^IXIC,ALL_NO_MACRO,43,15,test,121,0.0034246902746878616,0.004355356895321162,0.09298892816755788
^IXIC,ALL_NO_REGIME,48,15,test,121,0.0034707069120040023,0.004373752340177505,0.08531097755348582
^IXIC,ALL_FULL,56,15,test,121,0.003533737091558378,0.0044354952386695,0.05930393786788901
^IXIC,PRICE_ONLY,5,16,test,121,0.003105437024544283,0.003878769897079095,-0.0027268488044922545
^IXIC,PRICE+TECH,30,16,test,121,0.0035803016344953427,0.004635409330080466,-0.43209158224740674
^IXIC,PRICE+TECH+LAG,35,16,test,121,0.0036108145500330954,0.004648353761618016,-0.44010101285512504
^IXIC,ALL_NO_MACRO,43,16,test,121,0.0034899776358314305,0.004505925544014101,-0.353202006753335
^IXIC,ALL_NO_REGIME,48,16,test,121,0.003428749326989639,0.004460424692817331,-0.32601071554749983
^IXIC,ALL_FULL,56,16,test,121,0.003441332053566118,0.004449417323511254,-0.3194741721038694
^IXIC,PRICE_ONLY,5,17,test,121,0.007418020120604235,0.012470854428598663,-0.33947555637765103
^IXIC,PRICE+TECH,30,17,test,121,0.006003445393419134,0.009548837695506717,0.21468589778431502
^IXIC,PRICE+TECH+LAG,35,17,test,121,0.006036673396010099,0.009621389728266112,0.2027069347897763
^IXIC,ALL_NO_MACRO,43,17,test,121,0.005638502571415151,0.008945700643427689,0.3107590138778622
^IXIC,ALL_NO_REGIME,48,17,test,121,0.005614136637568301,0.009007339450214827,0.3012280988649795
^IXIC,ALL_FULL,56,17,test,121,0.005399747925699041,0.008707995801301577,0.34690133633962184
^IXIC,PRICE_ONLY,5,18,test,121,0.00768846034154651,0.012393596330814043,-0.1992328600079376
^IXIC,PRICE+TECH,30,18,test,121,0.006546023124877062,0.009793502147893469,0.25116717671660693
^IXIC,PRICE+TECH+LAG,35,18,test,121,0.006638029130889512,0.009893863941282976,0.23574076717236958
^IXIC,ALL_NO_MACRO,43,18,test,121,0.006162245865956053,0.009154053829207802,0.34576202286007074
^IXIC,ALL_NO_REGIME,48,18,test,121,0.006236282887116238,0.00923919376438699,0.3335355677195053
^IXIC,ALL_FULL,56,18,test,121,0.006138758794199496,0.009064801392890667,0.3584575281602156
^IXIC,PRICE_ONLY,5,19,test,121,0.0037195056802855593,0.00441585126221402,-0.2464533336831396
^IXIC,PRICE+TECH,30,19,test,121,0.004134119608276007,0.004851717518113302,-0.5046592658324329
^IXIC,PRICE+TECH+LAG,35,19,test,121,0.004054129497982604,0.004770881048475843,-0.45493746418887526
^IXIC,ALL_NO_MACRO,43,19,test,121,0.0038580472959855493,0.004556551131068467,-0.3271488835247909
^IXIC,ALL_NO_REGIME,48,19,test,121,0.004205355897715474,0.004882402728663066,-0.5237522127169403
^IXIC,ALL_FULL,56,19,test,121,0.003940292430161448,0.004639510921439509,-0.3759148335245093
^IXIC,PRICE_ONLY,5,20,test,121,0.006411641480422669,0.007173136194675439,-1.8310530672672058
^IXIC,PRICE+TECH,30,20,test,121,0.0047430480948185616,0.005450556503900535,-0.6346002047638089
^IXIC,PRICE+TECH+LAG,35,20,test,121,0.004640205448136435,0.0053579300332234825,-0.5795156480136627
^IXIC,ALL_NO_MACRO,43,20,test,121,0.0048280126027335085,0.00553118374464379,-0.683317461048853
^IXIC,ALL_NO_REGIME,48,20,test,121,0.0048926943268476205,0.0056005079946774795,-0.7257770912983466
^IXIC,ALL_FULL,56,20,test,121,0.0049124703298803925,0.005596207928351776,-0.7231280076579054
^IXIC,PRICE_ONLY,5,21,test,121,0.0042957955827548225,0.005184759794043356,-0.6200795403509751
^IXIC,PRICE+TECH,30,21,test,121,0.0038641652706836184,0.004719639127566248,-0.34244543369613356
^IXIC,PRICE+TECH+LAG,35,21,test,121,0.0038865845670023593,0.004765488368849596,-0.36865467095975335
^IXIC,ALL_NO_MACRO,43,21,test,121,0.00408443868954092,0.004844783468251109,-0.4145809305564099
^IXIC,ALL_NO_REGIME,48,21,test,121,0.0039955366314562875,0.004811398679647479,-0.3951527050342778
^IXIC,ALL_FULL,56,21,test,121,0.004165878195054048,0.004905001809000501,-0.44996460187111453
^DJI,PRICE_ONLY,5,0,test,121,0.003230434011861271,0.004258358940967793,-0.26034054632971015
^DJI,PRICE+TECH,30,0,test,121,0.002650856724263435,0.0034698394332847355,0.16319911029289014
^DJI,PRICE+TECH+LAG,35,0,test,121,0.002626177122198725,0.0034785127158735813,0.15901051216686157
^DJI,ALL_NO_MACRO,43,0,test,121,0.0029212383833563046,0.0035342725113968274,0.13183266277503958
^DJI,ALL_NO_REGIME,48,0,test,121,0.0029514616184415435,0.0036227968383466943,0.08779733477051832
^DJI,ALL_FULL,56,0,test,121,0.00312799794213147,0.0036880558142548003,0.054637553140944095
^DJI,PRICE_ONLY,5,1,test,121,0.005525097364875566,0.00712519715602628,-3.749995161833559
^DJI,PRICE+TECH,30,1,test,121,0.0030508016551356455,0.0036451789375059095,-0.24318883141925385
^DJI,PRICE+TECH+LAG,35,1,test,121,0.002952058085751168,0.0035594398053954987,-0.18539393600773413
^DJI,ALL_NO_MACRO,43,1,test,121,0.0037334287026828897,0.0046038367736521,-0.9830754159223494
^DJI,ALL_NO_REGIME,48,1,test,121,0.004916086000326744,0.005875545648838572,-2.2299500416370512
^DJI,ALL_FULL,56,1,test,121,0.0053399112612116054,0.00646541293357418,-2.911037056242451
^DJI,PRICE_ONLY,5,2,test,121,0.005292013482692708,0.006434748815493039,-2.683956661334996
^DJI,PRICE+TECH,30,2,test,121,0.0035765196877488533,0.004068006814407885,-0.4723621981566406
^DJI,PRICE+TECH+LAG,35,2,test,121,0.0035080713078311848,0.004007159677597736,-0.42864594345249074
^DJI,ALL_NO_MACRO,43,2,test,121,0.004069141056982623,0.0045936047837828444,-0.8774075933491634
^DJI,ALL_NO_REGIME,48,2,test,121,0.004212713515987955,0.0047478285608358204,-1.0055863839505577
^DJI,ALL_FULL,56,2,test,121,0.004466376657107746,0.005067346617799483,-1.2846124505448349
^DJI,PRICE_ONLY,5,3,test,121,0.003488625484985126,0.004003298859943895,-0.6018551113103252
^DJI,PRICE+TECH,30,3,test,121,0.003549747848114802,0.00399735286447534,-0.5971002577614049
^DJI,PRICE+TECH+LAG,35,3,test,121,0.0035225409230775617,0.003974646770978512,-0.5790078279048079
^DJI,ALL_NO_MACRO,43,3,test,121,0.00382650407565239,0.00430201185015212,-0.8498240021043333
^DJI,ALL_NO_REGIME,48,3,test,121,0.003715897734761783,0.004176335607842178,-0.7433235127565583
^DJI,ALL_FULL,56,3,test,121,0.0038308149812103717,0.004291193626995186,-0.8405322345261776
^DJI,PRICE_ONLY,5,4,test,121,0.0027726555915594357,0.0035556274713248234,-0.2623756313379588
^DJI,PRICE+TECH,30,4,test,121,0.0029354012749070626,0.003361812436736883,-0.12850387702098853
^DJI,PRICE+TECH+LAG,35,4,test,121,0.002912571467689851,0.003334253500758941,-0.11007757166246934
^DJI,ALL_NO_MACRO,43,4,test,121,0.0030872917477759733,0.0035449157739700214,-0.2547810127650998
^DJI,ALL_NO_REGIME,48,4,test,121,0.003107702748153426,0.0035039572350232897,-0.2259526326856549
^DJI,ALL_FULL,56,4,test,121,0.003239849312055671,0.003672572166314796,-0.3467803566701444
^DJI,PRICE_ONLY,5,5,test,121,0.0034469133662944156,0.004598323399097618,-0.4064478017472868
^DJI,PRICE+TECH,30,5,test,121,0.0030825185720703588,0.0037741407991724943,0.05254020272771054
^DJI,PRICE+TECH+LAG,35,5,test,121,0.003106502221858125,0.00376769926944121,0.05577160427890959
^DJI,ALL_NO_MACRO,43,5,test,121,0.003020276897450792,0.003752142115820948,0.06355310595441266
^DJI,ALL_NO_REGIME,48,5,test,121,0.0030823897523122733,0.0037084807375111868,0.08522002310209975
^DJI,ALL_FULL,56,5,test,121,0.003061330631263189,0.00376178449019158,0.0587338994894957
^DJI,PRICE_ONLY,5,6,test,121,0.004707004571948861,0.00599799109635951,-1.1795011116408283
^DJI,PRICE+TECH,30,6,test,121,0.004043718468337617,0.0054360327945992175,-0.7902331615333285
^DJI,PRICE+TECH+LAG,35,6,test,121,0.004008462280455438,0.005370236218222049,-0.7471582362831999
^DJI,ALL_NO_MACRO,43,6,test,121,0.0039363160258244715,0.005223654820705147,-0.6530820244962074
^DJI,ALL_NO_REGIME,48,6,test,121,0.004051243479308648,0.005459956104331879,-0.8060250248559622
^DJI,ALL_FULL,56,6,test,121,0.0038725915367634027,0.0051715923352551665,-0.6202947604448694
^DJI,PRICE_ONLY,5,7,test,121,0.004723001199612174,0.005966253224199029,-1.0152853392749845
^DJI,PRICE+TECH,30,7,test,121,0.004345910255051432,0.005595372979784424,-0.7725204888581108
^DJI,PRICE+TECH+LAG,35,7,test,121,0.004133118088737971,0.005356847488013414,-0.6246198129160376
^DJI,ALL_NO_MACRO,43,7,test,121,0.004361637685948835,0.005462750942258809,-0.6894913889768
^DJI,ALL_NO_REGIME,48,7,test,121,0.004679133518165994,0.005996523045622929,-1.0357863381016328
^DJI,ALL_FULL,56,7,test,121,0.004478424799426675,0.0056163878723850934,-0.7858598239325398
^DJI,PRICE_ONLY,5,8,test,121,0.004495093500130417,0.005654731552917991,-0.7680627448655213
^DJI,PRICE+TECH,30,8,test,121,0.0035275446948965085,0.0045084620210438684,-0.12390737052346457
^DJI,PRICE+TECH+LAG,35,8,test,121,0.0034982889834880137,0.004442379837287415,-0.0912017827426459
^DJI,ALL_NO_MACRO,43,8,test,121,0.003730688256101253,0.0046537242047914925,-0.19749848358262767
^DJI,ALL_NO_REGIME,48,8,test,121,0.0036276647150067375,0.004558712139764697,-0.14910053592741135
^DJI,ALL_FULL,56,8,test,121,0.0037179125142022796,0.004629521782969045,-0.18507531517019316
^DJI,PRICE_ONLY,5,9,test,121,0.0032437571163903066,0.004110984451197879,-0.4571340808151141
^DJI,PRICE+TECH,30,9,test,121,0.002586749139251304,0.003342271401465371,0.036855889323705204
^DJI,PRICE+TECH+LAG,35,9,test,121,0.0025921741508467214,0.0033753012187283248,0.017725386342678506
^DJI,ALL_NO_MACRO,43,9,test,121,0.0024115784880169135,0.0031516719889185564,0.1435739449310457
^DJI,ALL_NO_REGIME,48,9,test,121,0.0026471774724763897,0.0033620768483785127,0.025407376904794332
^DJI,ALL_FULL,56,9,test,121,0.002567611449378498,0.003203932445648031,0.11493625991714707
^DJI,PRICE_ONLY,5,10,test,121,0.002456917473054027,0.0030136862319164468,-0.3325740543469178
^DJI,PRICE+TECH,30,10,test,121,0.0019559818554757908,0.002440920543916438,0.12581656979172473
^DJI,PRICE+TECH+LAG,35,10,test,121,0.0019580464049114765,0.002450880580883873,0.11866790343654166
^DJI,ALL_NO_MACRO,43,10,test,121,0.0018688029624969178,0.0022943360900823844,0.2276585228832071
^DJI,ALL_NO_REGIME,48,10,test,121,0.0021463835730624026,0.002669392055460044,-0.04549031081511723
^DJI,ALL_FULL,56,10,test,121,0.0020718832064845075,0.002566488934666746,0.03356182311248068
^DJI,PRICE_ONLY,5,11,test,121,0.0023669324478009335,0.0029744411322436192,-1.4811884971979823
^DJI,PRICE+TECH,30,11,test,121,0.002213444352659258,0.002594186509098336,-0.887345438386725
^DJI,PRICE+TECH+LAG,35,11,test,121,0.002211856599607889,0.0026014832333211566,-0.8979775241989141
^DJI,ALL_NO_MACRO,43,11,test,121,0.002111769465143147,0.0025001547915257743,-0.7530035621586606
^DJI,ALL_NO_REGIME,48,11,test,121,0.0025917379788448947,0.0030432477032186116,-1.5973089298211192
^DJI,ALL_FULL,56,11,test,121,0.0025006065923186436,0.0029750098935792365,-1.482137474799743
^DJI,PRICE_ONLY,5,12,test,121,0.0022039729301051576,0.002795120640184974,-1.801833234760255
^DJI,PRICE+TECH,30,12,test,121,0.0023710011746908713,0.002744879381518194,-1.7020146413999568
^DJI,PRICE+TECH+LAG,35,12,test,121,0.002350433343958784,0.002720578407464524,-1.65438345552365
^DJI,ALL_NO_MACRO,43,12,test,121,0.00208606305472415,0.0024482923225363573,-1.1496497743507175
^DJI,ALL_NO_REGIME,48,12,test,121,0.002559030209559526,0.0029785253440978254,-2.1815867384619687
^DJI,ALL_FULL,56,12,test,121,0.00231500340993396,0.0027302018430395503,-1.673195239590505
^DJI,PRICE_ONLY,5,13,test,121,0.001869297444006194,0.0025155603508735113,-1.0975314095146818
^DJI,PRICE+TECH,30,13,test,121,0.0020745178348730827,0.0024958763789942953,-1.0648339524175507
^DJI,PRICE+TECH+LAG,35,13,test,121,0.0020764427470306647,0.0025067779728933978,-1.082911082703248
^DJI,ALL_NO_MACRO,43,13,test,121,0.0021190636897561754,0.002552642244817605,-1.1598266498165604
^DJI,ALL_NO_REGIME,48,13,test,121,0.002025852946841991,0.0024264601863860304,-0.9515753793272062
^DJI,ALL_FULL,56,13,test,121,0.002196904456987648,0.0026730145981255023,-1.3683269234850282
^DJI,PRICE_ONLY,5,14,test,121,0.002304009539434934,0.0031285574685750023,-0.7841093961338343
^DJI,PRICE+TECH,30,14,test,121,0.002393427724145766,0.0029502137674140743,-0.5865003682852048
^DJI,PRICE+TECH+LAG,35,14,test,121,0.0023990110872782033,0.002950781135837398,-0.5871106405146111
^DJI,ALL_NO_MACRO,43,14,test,121,0.0023620721068149343,0.002873265614613848,-0.5048207033614813
^DJI,ALL_NO_REGIME,48,14,test,121,0.0021547611945703115,0.0026472536747647307,-0.27739239497425805
^DJI,ALL_FULL,56,14,test,121,0.00234604856395882,0.0028498024382249917,-0.4803442255721244
^DJI,PRICE_ONLY,5,15,test,121,0.0022968291624367366,0.0032922235293510044,-0.5550772995739746
^DJI,PRICE+TECH,30,15,test,121,0.00229487440656371,0.002884077971078822,-0.19340361082256408
^DJI,PRICE+TECH+LAG,35,15,test,121,0.0022752854484427484,0.0028604227778485313,-0.17390731332573184
^DJI,ALL_NO_MACRO,43,15,test,121,0.001950436877916858,0.0025001276388520897,0.10319563112855135
^DJI,ALL_NO_REGIME,48,15,test,121,0.0021559717170238774,0.0027279741786922144,-0.06771135959474761
^DJI,ALL_FULL,56,15,test,121,0.0019872491621294648,0.00256291278531199,0.05758756482445926
^DJI,PRICE_ONLY,5,16,test,121,0.0026036304885167856,0.0037798272172915016,-0.9135154582907934
^DJI,PRICE+TECH,30,16,test,121,0.002312389509986702,0.0029412167074127026,-0.1586229527412797
^DJI,PRICE+TECH+LAG,35,16,test,121,0.002317473341884793,0.002939060349095685,-0.15692468251275593
^DJI,ALL_NO_MACRO,43,16,test,121,0.0019414205100221787,0.002672335464989104,0.043532913669418694
^DJI,ALL_NO_REGIME,48,16,test,121,0.002057483237975335,0.002738587601496064,-0.0044801397764100415
^DJI,ALL_FULL,56,16,test,121,0.00195570527981893,0.0026931532285003126,0.028572919168363797
^DJI,PRICE_ONLY,5,17,test,121,0.004216636480859698,0.007191194762554823,0.13811854231177267
^DJI,PRICE+TECH,30,17,test,121,0.0044524943841399815,0.007323948423157155,0.10600314753555229
^DJI,PRICE+TECH+LAG,35,17,test,121,0.004303395600091374,0.007097474034326114,0.16043744606736154
^DJI,ALL_NO_MACRO,43,17,test,121,0.004035997645124068,0.007015183116473989,0.17979302352467008
^DJI,ALL_NO_REGIME,48,17,test,121,0.003980594665005243,0.0069133040911850555,0.20344318804400485
^DJI,ALL_FULL,56,17,test,121,0.003784786572763294,0.006722307652213538,0.24684874489358977
^DJI,PRICE_ONLY,5,18,test,121,0.003911826839146759,0.007119884906087699,0.09699063378165074
^DJI,PRICE+TECH,30,18,test,121,0.004298183662265335,0.007206046701088091,0.07500272533956664
^DJI,PRICE+TECH+LAG,35,18,test,121,0.004150420882906586,0.0069701378135886985,0.1345757935458901
^DJI,ALL_NO_MACRO,43,18,test,121,0.004112293786068585,0.007006437719219557,0.12553820468851506
^DJI,ALL_NO_REGIME,48,18,test,121,0.003918355735428471,0.006747373593373198,0.1890093957669302
^DJI,ALL_FULL,56,18,test,121,0.003867806369193014,0.006658486790663706,0.21023589064673254
^DJI,PRICE_ONLY,5,19,test,121,0.0020817409144103806,0.0025878937177649863,-0.0813845949193932
^DJI,PRICE+TECH,30,19,test,121,0.0019699485767131412,0.002414450818038077,0.058708726503362785
^DJI,PRICE+TECH+LAG,35,19,test,121,0.0019784214817398396,0.0024299484720797415,0.04658619840488831
^DJI,ALL_NO_MACRO,43,19,test,121,0.001997111399158798,0.002363936156795917,0.09768372154744809
^DJI,ALL_NO_REGIME,48,19,test,121,0.002011304072425846,0.002394687190882107,0.07405564541255294
^DJI,ALL_FULL,56,19,test,121,0.0020071462489138605,0.002378462518799766,0.08656020182207735
^DJI,PRICE_ONLY,5,20,test,121,0.002427902066984847,0.0030522559292243162,-0.5063219255646538
^DJI,PRICE+TECH,30,20,test,121,0.0019852894736731605,0.0025124120143237582,-0.020604851736022667
^DJI,PRICE+TECH+LAG,35,20,test,121,0.00198875742001209,0.0025020918854569796,-0.012237481243345227
^DJI,ALL_NO_MACRO,43,20,test,121,0.0019546830314680482,0.002434901956071591,0.04139682601289374
^DJI,ALL_NO_REGIME,48,20,test,121,0.002003054639525089,0.00246389619552467,0.01843125902244036
^DJI,ALL_FULL,56,20,test,121,0.0019862238636914127,0.00242059110791669,0.05263186586433555
^DJI,PRICE_ONLY,5,21,test,121,0.002901936706103159,0.0036175249416936154,-0.8748799569918146
^DJI,PRICE+TECH,30,21,test,121,0.002296581646551965,0.0028125161017714877,-0.13328837284529427
^DJI,PRICE+TECH+LAG,35,21,test,121,0.002267393313237748,0.0027957020016254556,-0.11977857274782089
^DJI,ALL_NO_MACRO,43,21,test,121,0.0022020551640255606,0.0027051549886828122,-0.04841856632031072
^DJI,ALL_NO_REGIME,48,21,test,121,0.0022795663700541226,0.002758144299431317,-0.08989426026922476
^DJI,ALL_FULL,56,21,test,121,0.002239779126775042,0.0027185412386708896,-0.05882027500858933
^RUT,PRICE_ONLY,5,0,test,121,0.005328897590584767,0.006312740253320694,-1.5784894652044503
^RUT,PRICE+TECH,30,0,test,121,0.004028671757331571,0.005044465719294991,-0.6464929345305299
^RUT,PRICE+TECH+LAG,35,0,test,121,0.0041828622002066575,0.005203381864790578,-0.7518661424278579
^RUT,ALL_NO_MACRO,43,0,test,121,0.0031357152220634604,0.003956079437641603,-0.012650376486921022
^RUT,ALL_NO_REGIME,48,0,test,121,0.003313950415159247,0.004201469125619,-0.14217295974590827
^RUT,ALL_FULL,56,0,test,121,0.0029925107572970925,0.003760965325042881,0.0847743563969876
^RUT,PRICE_ONLY,5,1,test,121,0.0056542541683101315,0.007467933458949223,-1.2806531112670814
^RUT,PRICE+TECH,30,1,test,121,0.004486124998559268,0.005747254137848138,-0.35076300584197373
^RUT,PRICE+TECH+LAG,35,1,test,121,0.004417484814064567,0.005528036083614681,-0.24968366468159964
^RUT,ALL_NO_MACRO,43,1,test,121,0.00396194662113671,0.005116150974950744,-0.0703974312158504
^RUT,ALL_NO_REGIME,48,1,test,121,0.005835431095969115,0.006712213298808702,-0.8424251462386971
^RUT,ALL_FULL,56,1,test,121,0.006129334138132414,0.0070988160958365245,-1.0607732355734463
^RUT,PRICE_ONLY,5,2,test,121,0.0054889261793207005,0.007227930611412562,-0.7256229201923645
^RUT,PRICE+TECH,30,2,test,121,0.004512738738548561,0.0053277372721708145,0.062430325551065424
^RUT,PRICE+TECH+LAG,35,2,test,121,0.0044276989624126625,0.005219454373163685,0.10015405860602788
^RUT,ALL_NO_MACRO,43,2,test,121,0.004272408420029392,0.0051579717266882485,0.12122869807342862
^RUT,ALL_NO_REGIME,48,2,test,121,0.004401526431797587,0.005191953023212364,0.10961166867470062
^RUT,ALL_FULL,56,2,test,121,0.004395771668479286,0.005262148633855492,0.08537267270086202
^RUT,PRICE_ONLY,5,3,test,121,0.004683153342686878,0.006220252498111249,-1.2902716613828318
^RUT,PRICE+TECH,30,3,test,121,0.0037076185835154254,0.004244164695041654,-0.0662411206180431
^RUT,PRICE+TECH+LAG,35,3,test,121,0.00376939949521344,0.0043109094966423895,-0.10004077017268642
^RUT,ALL_NO_MACRO,43,3,test,121,0.003483465398968569,0.004139158968761604,-0.014133626569311497
^RUT,ALL_NO_REGIME,48,3,test,121,0.003387404275560361,0.004009540423939631,0.0483874444504756
^RUT,ALL_FULL,56,3,test,121,0.0033797961738918805,0.004077413810666413,0.015897013176760733
^RUT,PRICE_ONLY,5,4,test,121,0.0037959325963326245,0.004640782462199147,0.031073952048390807
^RUT,PRICE+TECH,30,4,test,121,0.003783252100862978,0.004538831981222584,0.07317781355642172
^RUT,PRICE+TECH+LAG,35,4,test,121,0.003711625821926119,0.004449607621079146,0.10925859670975546
^RUT,ALL_NO_MACRO,43,4,test,121,0.003387536107082653,0.004008370989114261,0.27715691735542647
^RUT,ALL_NO_REGIME,48,4,test,121,0.003399161763644969,0.004008673726914922,0.2770477257713888
^RUT,ALL_FULL,56,4,test,121,0.0033693537754850202,0.003995495710628977,0.281793144307102
^RUT,PRICE_ONLY,5,5,test,121,0.004357747728741651,0.005116043009185421,-0.2519566008817651
^RUT,PRICE+TECH,30,5,test,121,0.003666234307166214,0.004417814229671569,0.06645383309533825
^RUT,PRICE+TECH+LAG,35,5,test,121,0.00360942698942678,0.004370059672151704,0.08652716856099674
^RUT,ALL_NO_MACRO,43,5,test,121,0.0032706618662053837,0.0038592639457214555,0.28759023281270846
^RUT,ALL_NO_REGIME,48,5,test,121,0.0032647133703514837,0.0038464974371536487,0.2922957633717459
^RUT,ALL_FULL,56,5,test,121,0.0032520840656272755,0.0038355043934268957,0.29633512990016087
^RUT,PRICE_ONLY,5,6,test,121,0.005646881228284681,0.006928044712743591,-1.3726948786923008
^RUT,PRICE+TECH,30,6,test,121,0.004618790269472719,0.005667055098601044,-0.5875791966053749
^RUT,PRICE+TECH+LAG,35,6,test,121,0.004552073688727204,0.005587433566876908,-0.5432819405380094
^RUT,ALL_NO_MACRO,43,6,test,121,0.004296156794695631,0.005340791347062801,-0.4100410354424482
^RUT,ALL_NO_REGIME,48,6,test,121,0.004071750187271285,0.00510914791067596,-0.29037957635703626
^RUT,ALL_FULL,56,6,test,121,0.004037580904637746,0.005133062542616591,-0.3024877300678539
^RUT,PRICE_ONLY,5,7,test,121,0.006039462785007461,0.007435602294138389,-0.9861213670267954
^RUT,PRICE+TECH,30,7,test,121,0.004704503354017765,0.005667030719617301,-0.15367800244153007
^RUT,PRICE+TECH+LAG,35,7,test,121,0.004723359516489391,0.005730420074626422,-0.179631598255235
^RUT,ALL_NO_MACRO,43,7,test,121,0.004598446953951969,0.005556703510341445,-0.10919506222332842
^RUT,ALL_NO_REGIME,48,7,test,121,0.004372784251725578,0.005332204631092557,-0.02137939821755208
^RUT,ALL_FULL,56,7,test,121,0.004469371252670453,0.005423586367776165,-0.056687570762702366
^RUT,PRICE_ONLY,5,8,test,121,0.005134357140266679,0.0067441620724770215,-0.5935324836921958
^RUT,PRICE+TECH,30,8,test,121,0.004119847417583112,0.005237926167048901,0.03877807421453339
^RUT,PRICE+TECH+LAG,35,8,test,121,0.004146290672298066,0.005286094514180746,0.021017853414498577
^RUT,ALL_NO_MACRO,43,8,test,121,0.004113418443017583,0.0051284026961075264,0.07855553945667315
^RUT,ALL_NO_REGIME,48,8,test,121,0.003935469772639228,0.005098598931499413,0.08923438668629802
^RUT,ALL_FULL,56,8,test,121,0.004059560299082901,0.0051461099519188366,0.07218146082903809
^RUT,PRICE_ONLY,5,9,test,121,0.003949455078666576,0.005328895339314908,-0.19016822309511627
^RUT,PRICE+TECH,30,9,test,121,0.0035425252419940536,0.004856018388680177,0.011686757484279942
^RUT,PRICE+TECH+LAG,35,9,test,121,0.0035189541633760995,0.0048313333845566245,0.021709169301345144
^RUT,ALL_NO_MACRO,43,9,test,121,0.0034398420822424236,0.004673264463730485,0.08467634347492481
^RUT,ALL_NO_REGIME,48,9,test,121,0.0034511954870618156,0.00470652792741233,0.07159974872331298
^RUT,ALL_FULL,56,9,test,121,0.0034203903204060586,0.004632337313812874,0.10063844008581757
^RUT,PRICE_ONLY,5,10,test,121,0.003979579873530781,0.004849971593885377,-0.537061544879502
^RUT,PRICE+TECH,30,10,test,121,0.0031016071596354435,0.004158953046442486,-0.13026662034884184
^RUT,PRICE+TECH+LAG,35,10,test,121,0.0031211736452788786,0.00414532095565179,-0.12286925603898013
^RUT,ALL_NO_MACRO,43,10,test,121,0.002841854045098225,0.003752225220073538,0.07999399152308473
^RUT,ALL_NO_REGIME,48,10,test,121,0.002916020233934801,0.00379070992450486,0.061025124309111334
^RUT,ALL_FULL,56,10,test,121,0.0029531271360594973,0.00380245688552451,0.05519656344753332
^RUT,PRICE_ONLY,5,11,test,121,0.0045508190869454675,0.00528223835257109,-1.4841624582466864
^RUT,PRICE+TECH,30,11,test,121,0.003706792216057781,0.004527018503919206,-0.8246036749069645
^RUT,PRICE+TECH+LAG,35,11,test,121,0.0036317721683335876,0.004446142904076355,-0.7599925948973476
^RUT,ALL_NO_MACRO,43,11,test,121,0.0031058941095345786,0.0038509074285821648,-0.3202925221517643
^RUT,ALL_NO_REGIME,48,11,test,121,0.0030018897506791102,0.003717872880832335,-0.23064581475417523
^RUT,ALL_FULL,56,11,test,121,0.0030885032775414727,0.003758451116871523,-0.25765585827180915
^RUT,PRICE_ONLY,5,12,test,121,0.004359665555542564,0.00537542857413967,-0.5422829970762066
^RUT,PRICE+TECH,30,12,test,121,0.004183158632427352,0.005068829972799444,-0.3713658389282539
^RUT,PRICE+TECH+LAG,35,12,test,121,0.0041570955686814105,0.0050506974201498045,-0.36157190754263024
^RUT,ALL_NO_MACRO,43,12,test,121,0.004023390178408659,0.005223325550724946,-0.4562370253082362
^RUT,ALL_NO_REGIME,48,12,test,121,0.003887383145240318,0.005077580158944997,-0.37610463025304997
^RUT,ALL_FULL,56,12,test,121,0.004100332982751682,0.005358223142585621,-0.5324258565244637
^RUT,PRICE_ONLY,5,13,test,121,0.004210697818432461,0.005338782854214084,-0.274024645170305
^RUT,PRICE+TECH,30,13,test,121,0.003947966254346805,0.005090242598083405,-0.15816457583292132
^RUT,PRICE+TECH+LAG,35,13,test,121,0.003944028307034609,0.005089031830419344,-0.1576136781423103
^RUT,ALL_NO_MACRO,43,13,test,121,0.0041246573716910324,0.005771412442936684,-0.4888726015086937
^RUT,ALL_NO_REGIME,48,13,test,121,0.003972469874868029,0.005576338099826089,-0.3899254608906877
^RUT,ALL_FULL,56,13,test,121,0.0044135370612287325,0.006102609607502161,-0.6646559674935646
^RUT,PRICE_ONLY,5,14,test,121,0.004751727167486777,0.00555217556769112,-0.47934088750995363
^RUT,PRICE+TECH,30,14,test,121,0.003959309782077066,0.004996575274567943,-0.198082566233311
^RUT,PRICE+TECH+LAG,35,14,test,121,0.003937730500422754,0.004977666676418422,-0.18903188830410356
^RUT,ALL_NO_MACRO,43,14,test,121,0.003581072642854834,0.004921504233222838,-0.16235183491470884
^RUT,ALL_NO_REGIME,48,14,test,121,0.003596871271857364,0.004894968270862303,-0.14985119698197247
^RUT,ALL_FULL,56,14,test,121,0.0035961986232396965,0.004967667032278655,-0.18425938997955815
^RUT,PRICE_ONLY,5,15,test,121,0.0037369849518987712,0.0045957623149978965,-0.2802303047803114
^RUT,PRICE+TECH,30,15,test,121,0.003264881106136973,0.004056239663042752,0.0027129059687425183
^RUT,PRICE+TECH+LAG,35,15,test,121,0.00323486421518463,0.0040238966061688485,0.018553546313590297
^RUT,ALL_NO_MACRO,43,15,test,121,0.003378046568707668,0.004264737514029816,-0.10244668734835205
^RUT,ALL_NO_REGIME,48,15,test,121,0.00339850012594298,0.004255588826369833,-0.09772183747248508
^RUT,ALL_FULL,56,15,test,121,0.003485662989959286,0.004397266603262529,-0.17202959671664586
^RUT,PRICE_ONLY,5,16,test,121,0.0031198823598303214,0.004275786081123414,-0.1251471583607915
^RUT,PRICE+TECH,30,16,test,121,0.0033948406673580175,0.0042994887719663725,-0.1376561726939951
^RUT,PRICE+TECH+LAG,35,16,test,121,0.0034511229163531666,0.004353692414908761,-0.1665218440309446
^RUT,ALL_NO_MACRO,43,16,test,121,0.003274955916055912,0.004118417333387102,-0.04384999967850867
^RUT,ALL_NO_REGIME,48,16,test,121,0.0033685991652130675,0.00425161330917987,-0.11246128276530043
^RUT,ALL_FULL,56,16,test,121,0.0033438350109318868,0.004219918208632694,-0.09593666379926358
^RUT,PRICE_ONLY,5,17,test,121,0.00461948172533367,0.007988147620899045,0.13694841520478662
^RUT,PRICE+TECH,30,17,test,121,0.005236891332467159,0.007962828400638456,0.14241079860135686
^RUT,PRICE+TECH+LAG,35,17,test,121,0.005211728080613047,0.007913376952115561,0.15302947327431515
^RUT,ALL_NO_MACRO,43,17,test,121,0.005128276777707647,0.007962350291281011,0.14251377937452303
^RUT,ALL_NO_REGIME,48,17,test,121,0.005229354404060845,0.008049272997459425,0.1236897239501511
^RUT,ALL_FULL,56,17,test,121,0.005136735682513031,0.008013115125512097,0.13154492976394183
^RUT,PRICE_ONLY,5,18,test,121,0.004722281785532651,0.007956538754325943,0.062126546475560374
^RUT,PRICE+TECH,30,18,test,121,0.0044341106927684925,0.007491928992118975,0.16845992666041154
^RUT,PRICE+TECH+LAG,35,18,test,121,0.004467719256465447,0.0075180333421527665,0.16265511190299609
^RUT,ALL_NO_MACRO,43,18,test,121,0.004760863117372666,0.007715861202572715,0.118007906812575
^RUT,ALL_NO_REGIME,48,18,test,121,0.0047210564043304185,0.0077190039695314225,0.11728926762261793
^RUT,ALL_FULL,56,18,test,121,0.004848673952996011,0.007862779832873467,0.08409989548019137
^RUT,PRICE_ONLY,5,19,test,121,0.004059739676756159,0.004801490354499823,-0.5332511457504969
^RUT,PRICE+TECH,30,19,test,121,0.0029956398278594373,0.003887046325149202,-0.00484854819959013
^RUT,PRICE+TECH+LAG,35,19,test,121,0.0030131230422858236,0.0038975198360468033,-0.010270902351215527
^RUT,ALL_NO_MACRO,43,19,test,121,0.0030409502269530177,0.0039078393518132155,-0.015627800492238553
^RUT,ALL_NO_REGIME,48,19,test,121,0.0030031030143508313,0.00388882153810859,-0.005766585882097441
^RUT,ALL_FULL,56,19,test,121,0.0030736022875889756,0.003923275194940574,-0.02366704262105146
^RUT,PRICE_ONLY,5,20,test,121,0.003331365015906949,0.004073917169850963,0.023621321004267837
^RUT,PRICE+TECH,30,20,test,121,0.0030240379702698595,0.003856269112997806,0.12516013374797097
^RUT,PRICE+TECH+LAG,35,20,test,121,0.0030419128029960103,0.0038712023063643426,0.11837147475331311
^RUT,ALL_NO_MACRO,43,20,test,121,0.0029846104704814224,0.0038264458839320135,0.1386393079037317
^RUT,ALL_NO_REGIME,48,20,test,121,0.0030164156990673207,0.003831657579977571,0.1362913289147123
^RUT,ALL_FULL,56,20,test,121,0.002965003742452495,0.003785899730830615,0.15679705870494676
^RUT,PRICE_ONLY,5,21,test,121,0.002833606294228152,0.0036553162525572508,0.06825234629558508
^RUT,PRICE+TECH,30,21,test,121,0.002777081661516743,0.0034342376225407344,0.17755081181252585
^RUT,PRICE+TECH+LAG,35,21,test,121,0.002760223563884496,0.003420199579685418,0.18426087730057983
^RUT,ALL_NO_MACRO,43,21,test,121,0.0027490544599718535,0.0034371341523401866,0.17616287453454926
^RUT,ALL_NO_REGIME,48,21,test,121,0.002901157938487237,0.003601806279472159,0.09533227903959651
^RUT,ALL_FULL,56,21,test,121,0.0028176791372797527,0.0035146207183043596,0.1385990972375839
